camera_model,generation,price,region,date,title,link
Z6,2.0,26500,桃園市,2026-01-03,Nikon Z6ii Z6 2代 單機身 2電池,http://market.dcview.com/post/508398
Z5,1.0,19800,新北市,2025-12-31,Nikon Z5 單機身 平輸,http://market.dcview.com/post/508187
D850,1.0,31000,高雄市,2025-12-30,D850,http://market.dcview.com/post/508147
ZF,1.0,39800,台北市,2025-12-30,售 Nikon ZF 黑色機身 公司貨(已過保),http://market.dcview.com/post/508068
D500,1.0,22000,新竹縣,2025-12-21,D500,http://market.dcview.com/post/507067
ZF,1.0,47000,新北市,2025-12-20,Nikon Zf（銀色單機身）公司保固內,http://market.dcview.com/post/506984
Z6,3.0,50000,桃園市,2025-12-19,【售】Nikon Z6III 機身（全機包膜）,http://market.dcview.com/post/506893
Z8,1.0,80000,高雄市,2025-12-18,二手 Nikon Z8 單機身 公司貨 保固內 尼康 body 保固到2027年11月18日,http://market.dcview.com/post/506759
ZF,1.0,46500,台北市,2025-12-17,Nikon ZF 銀色 單機身 公司貨 保固至2027/11,http://market.dcview.com/post/506638
ZF,1.0,47000,新北市,2025-12-17,Nikon Zf（銀色單機身）公司保固內。,http://market.dcview.com/post/506634
ZF,1.0,49990,台北市,2025-12-16,Nikon ZF 銀色 公司貨 買不到一個月,http://market.dcview.com/post/506528
ZF,1.0,38000,高雄市,2025-12-15,ZF,http://market.dcview.com/post/506420
Z5,2.0,44000,台南市,2025-12-14,Nikon Z5ii 台灣公司貨 保固至2027/7 快門3000內,http://market.dcview.com/post/506383
D500,1.0,17000,彰化縣,2025-12-13,Nikon D500,http://market.dcview.com/post/506271
Z5,1.0,18000,彰化縣,2025-12-13,Nikon Z5 數位無反全片幅相機,http://market.dcview.com/post/506210
ZF,1.0,39000,高雄市,2025-12-13,ZF,http://market.dcview.com/post/506206
Z6,2.0,35000,台南市,2025-12-07,Nikon Z62 Z6II 低快門 公司貨保固中,http://market.dcview.com/post/505575
ZF,1.0,38000,高雄市,2025-12-04,NIKON ZF 機身,http://market.dcview.com/post/505289
ZFC,1.0,20500,新北市,2025-12-01,Nikon ZFC 銀色 單機身 公司貨,http://market.dcview.com/post/504977
Z8,1.0,78000,新竹市,2025-11-29,Z8 公司貨 快門1萬1,http://market.dcview.com/post/504796
Z9,1.0,93000,新竹市,2025-11-29,NIKON Z9 公司貨快門三萬多,http://market.dcview.com/post/504795
ZF,1.0,43000,高雄市,2025-11-27,NIKON Zf 機身 黑,http://market.dcview.com/post/504621
D500,1.0,18000,台中市,2025-11-25,Nikon D500 平輸 109.6.5有盒卡 無摔無碰功能正常,http://market.dcview.com/post/504368
Z9,1.0,93000,新竹市,2025-11-24,Z9 公司貨快門三萬多,http://market.dcview.com/post/504243
Z8,1.0,78000,新竹市,2025-11-24,Z8 公司貨 快門1萬1,http://market.dcview.com/post/504240
Z5,1.0,21000,花蓮縣,2025-11-21,NIKON Z5 單機身,http://market.dcview.com/post/503978
Z6,3.0,58000,台北市,2025-11-20,Nikon Z6III Z63 無反光鏡相機 公司貨 全新未拆 保固中,http://market.dcview.com/post/503847
Z8,1.0,78000,新竹市,2025-11-20,Z8 公司貨 快門1萬1,http://market.dcview.com/post/503830
Z6,1.0,20000,桃園市,2025-11-20,Nikon Z6 極新 有包膜,http://market.dcview.com/post/503790
ZF,1.0,40000,高雄市,2025-11-18,NIKON ZF,http://market.dcview.com/post/503621
Z9,1.0,93000,新竹市,2025-11-18,NIKON Z9 公司貨快門三萬多,http://market.dcview.com/post/503578
Z6,2.0,28000,台中市,2025-11-16,[台中市] Nikon Z6II Z62 無反光鏡相機 單機身 快門數8074,http://market.dcview.com/post/503455
ZF,1.0,50000,台中市,2025-11-15,nikon zf 銀,http://market.dcview.com/post/503345
ZFC,1.0,19500,新北市,2025-11-12,Nikon ZFC 銀色 單機身 平輸 快門16xx,http://market.dcview.com/post/503043
Z6,2.0,27000,桃園市,2025-11-12,Nikon Z6ii 單機身 Z6 2代 (公司貨) 高快門,http://market.dcview.com/post/503011
Z6,2.0,30000,台北市,2025-11-10,Nikon Z6 II 單機身 公司貨,http://market.dcview.com/post/502831
Z6,3.0,52500,新北市,2025-11-10,售Nikon z6iii z63,http://market.dcview.com/post/502800
Z8,1.0,80000,桃園市,2025-11-09,Nikon Z8 單機身 公司貨保固內 限面交,http://market.dcview.com/post/502741
Z9,1.0,95000,新竹縣,2025-11-09,NIKON Z9 公司貨快門三萬多,http://market.dcview.com/post/502696
Z6,1.0,19000,桃園市,2025-11-09,NIKON Z6 全幅相機 單機身,http://market.dcview.com/post/502686
Z8,1.0,83500,桃園市,2025-11-08,Nikon Z8 單機身 公司貨 保固內 貴重物限面交,http://market.dcview.com/post/502590
Z5,1.0,21000,新北市,2025-11-06,NIKON Z5,http://market.dcview.com/post/502438
Z6,1.0,21000,台北市,2025-11-06,售 Nikon Z6,http://market.dcview.com/post/502434
ZF,1.0,38000,新北市,2025-11-06,nikon ZF 藍皮,http://market.dcview.com/post/502383
Z6,1.0,22000,台北市,2025-11-05,Nikon Z6 (價格可談),http://market.dcview.com/post/502249
Z6,1.0,25000,台北市,2025-11-03,售 Nikon Z6,http://market.dcview.com/post/502087
Z6,2.0,30000,台中市,2025-11-02,[台中市] Nikon Z6II Z62 無反光鏡相機 單機身 快門數8074,http://market.dcview.com/post/502001
Z9,1.0,95000,新竹市,2025-11-02,Z9 公司貨快門三萬多,http://market.dcview.com/post/501894
Z6,3.0,60000,台北市,2025-10-31,Nikon Z6III Z63 無反光鏡相機 公司貨 全新未拆 保固中,http://market.dcview.com/post/501755
Z6,3.0,60000,新北市,2025-10-30,公司貨 Nikon Z6 III 單機身 極新,http://market.dcview.com/post/501592
Z50,2.0,22000,新竹市,2025-10-29,Z50II 單機身 附2顆原廠電池,http://market.dcview.com/post/501461
ZF,1.0,40000,新北市,2025-10-28,NIKON zf 公司貨 單機身 保固中 黑色/銀色,http://market.dcview.com/post/501410
Z5,1.0,18000,台中市,2025-10-27,Nikon Z5 機身,http://market.dcview.com/post/501335
Z5,1.0,19000,新竹市,2025-10-25,Nikon Z5,http://market.dcview.com/post/501139
Z8,1.0,99999,台中市,2025-10-24,Nikon z8,http://market.dcview.com/post/501016
Z50,2.0,25000,新竹市,2025-10-23,Z50II 單機身,http://market.dcview.com/post/500959
Z6,2.0,32000,台北市,2025-10-23,Nikon Z6 II 單機身 公司貨,http://market.dcview.com/post/500912
Z6,3.0,53000,台南市,2025-10-22,Nikon Z6 III Body〔單機身〕公司貨/Nikon Z6III,http://market.dcview.com/post/500872
Z8,1.0,79500,台北市,2025-10-22,Nikon Z8 公司貨 保固內,http://market.dcview.com/post/500818
Z6,2.0,32000,台中市,2025-10-22,[台中市] Nikon Z6II Z62 無反光鏡相機 單機身 快門數8074,http://market.dcview.com/post/500810
Z6,3.0,54000,台南市,2025-10-21,Nikon Z6 III Body〔單機身〕公司貨/Nikon Z6III,http://market.dcview.com/post/500794
Z5,1.0,18000,新北市,2025-10-19,Nikon Z5,http://market.dcview.com/post/500434
D750,1.0,13500,桃園市,2025-10-18,NIKON D750 快門16000多，9成新,http://market.dcview.com/post/500351
Z6,3.0,54000,台南市,2025-10-17,Nikon Z6 III Body〔單機身〕公司貨/Nikon Z6III,http://market.dcview.com/post/500281
Z6,2.0,33000,台北市,2025-10-17,Nikon Z6 II 單機身 公司貨 保內,http://market.dcview.com/post/500249
Z8,1.0,81000,桃園市,2025-10-16,售Nikon Z8 單機身 公司貨 保固到2027/07/06 貴重物限桃竹雙北面交,http://market.dcview.com/post/500131
ZF,1.0,46000,新北市,2025-10-15,二手 尼康 NIKON ZF 單機身 公司貨過保 快門1xxxx,http://market.dcview.com/post/500075
ZF,1.0,40000,台北市,2025-10-15,Nikon Zf 黑 公司貨 保固至2026/03/27,http://market.dcview.com/post/500017
Z8,1.0,83000,桃園市,2025-10-15,售Nikon Z8 單機身 公司貨 保固到2027/07/06 貴重物限桃竹雙北面交 可換R5II公水不拘,http://market.dcview.com/post/499992
Z8,1.0,85000,桃園市,2025-10-14,Nikon Z8 單機身 公司貨 保固到2027/07/06 貴重物限桃竹雙北面交,http://market.dcview.com/post/499950
Z5,1.0,22000,新竹市,2025-10-13,Nikon Z5 公司貨,http://market.dcview.com/post/499848
D780,1.0,26000,高雄市,2025-10-12,Nikon D780,http://market.dcview.com/post/499656
Z6,3.0,54000,台南市,2025-10-12,Nikon Z6 III Body〔單機身〕公司貨/Nikon Z6III,http://market.dcview.com/post/499652
Z8,1.0,86500,桃園市,2025-10-12,售 Nikon Z8 單機身｜國祥公司貨｜保固至2027/07/06｜近全新｜限雙北桃竹面交,http://market.dcview.com/post/499628
Z6,1.0,26000,新北市,2025-10-11,尼康 Nikon Z6 近全新公司貨,http://market.dcview.com/post/499591
D810,1.0,25000,新北市,2025-10-11,尼康 Nikon D810 近全新,http://market.dcview.com/post/499587
Z7,2.0,46000,台南市,2025-10-10,NIKON Z7II 公司過保,http://market.dcview.com/post/499504
ZF,1.0,41000,台北市,2025-10-10,Nikon Zf 公司貨,http://market.dcview.com/post/499420
Z6,3.0,55000,台南市,2025-10-08,Nikon Z6 III Body〔單機身〕公司貨/Nikon Z6III,http://market.dcview.com/post/499245
Z5,1.0,15000,新竹市,2025-10-05,NIKON Z5 單機身,http://market.dcview.com/post/498984
Z6,3.0,58000,新北市,2025-10-04,Nikon Z63 Z6III 單機身 公司貨 保固中,http://market.dcview.com/post/498935
Z50,2.0,21000,桃園市,2025-10-03,Nikon Z50 II 2代 單機身 (國祥公司貨) 保固內,http://market.dcview.com/post/498831
Z6,3.0,55000,台南市,2025-10-03,Nikon Z6 III Body〔單機身〕公司貨/Nikon Z6III,http://market.dcview.com/post/498830
Z6,3.0,63000,台北市,2025-10-02,Nikon Z6III Z63 無反光鏡相機 公司貨 全新未拆 保固中,http://market.dcview.com/post/498741
ZF,1.0,36000,新北市,2025-10-02,NIKON ZF 黑機,http://market.dcview.com/post/498694
Z6,3.0,56000,台南市,2025-10-01,Nikon Z6 III Body〔單機身〕公司貨/Nikon Z6III,http://market.dcview.com/post/498651
D5,1.0,55000,新北市,2025-09-30,Nikon D5 過保公司貨,http://market.dcview.com/post/498565
Z6,3.0,60000,新北市,2025-09-28,Nikon Z63 Z6III 單機身 公司貨,http://market.dcview.com/post/498348
D850,1.0,32000,彰化縣,2025-09-28,售Nikon D850,http://market.dcview.com/post/498312
Z6,3.0,49500,新北市,2025-09-28,Nikon Z63 z6iii 單機身 平輸 快門6xx,http://market.dcview.com/post/498311
Z5,1.0,18000,台中市,2025-09-27,Nikon Z5,http://market.dcview.com/post/498214
Z6,1.0,20500,台中市,2025-09-26,Nikon Z6 公司貨,http://market.dcview.com/post/498158
Z8,1.0,73500,台北市,2025-09-25,Nikon Z8 單機身,http://market.dcview.com/post/498023
Z50,2.0,21500,桃園市,2025-09-25,Nikon Z50 II 2代 單機身 (國祥公司貨) 保固內,http://market.dcview.com/post/497999
Z6,3.0,57000,台南市,2025-09-25,Nikon Z6 III Body〔單機身〕公司貨/Nikon Z6III,http://market.dcview.com/post/497963
Z9,1.0,86000,台北市,2025-09-25,Z9,http://market.dcview.com/post/497934
D5,1.0,55000,新北市,2025-09-24,Nikon D5 公司貨,http://market.dcview.com/post/497788
Z6,3.0,58000,台南市,2025-09-23,Nikon Z6 III Body〔單機身〕公司貨/Nikon Z6III,http://market.dcview.com/post/497705
Z5,1.0,20000,台南市,2025-09-23,Nikon Z5 單機身 平輸,http://market.dcview.com/post/497698
Z8,1.0,75000,台北市,2025-09-21,Nikon Z8 單機身 保內公司貨,http://market.dcview.com/post/497473
Z6,3.0,64500,台北市,2025-09-18,Nikon Z6III Z63 無反光鏡相機 公司貨 全新未拆 保固中,http://market.dcview.com/post/497169
Z7,2.0,49000,台南市,2025-09-16,NIKON Z7II 公司過保,http://market.dcview.com/post/496865
Z6,1.0,20000,彰化縣,2025-09-15,nikon Z6 快門41XXX 公司貨,http://market.dcview.com/post/496802
Z6,3.0,53000,台中市,2025-09-15,Nikon Z6iii 單機身 國祥公司貨 保固內,http://market.dcview.com/post/496779
Z8,1.0,75000,台北市,2025-09-13,Nikon Z8 單機身 保內公司貨,http://market.dcview.com/post/496644
Z8,1.0,72000,高雄市,2025-09-12,Z8,http://market.dcview.com/post/496585
Z6,3.0,54000,台中市,2025-09-12,Nikon Z6iii 單機身 國祥公司貨,http://market.dcview.com/post/496583
ZF,1.0,38000,台南市,2025-09-12,售Nikon ZF 單機身 少用極新 保固內,http://market.dcview.com/post/496582
Z8,1.0,81000,台北市,2025-09-12,Nikon Z8 單機身公司貨，快門1428，保固至2026/12,http://market.dcview.com/post/496552
Z8,1.0,73000,台北市,2025-09-11,Z8,http://market.dcview.com/post/496371
Z8,1.0,81000,台北市,2025-09-10,Nikon Z8 單機身公司貨，快門1428，保固至2026/12,http://market.dcview.com/post/496319
Z6,2.0,28000,新竹市,2025-09-10,nikon z6ii 公司貨,http://market.dcview.com/post/496286
ZF,1.0,39000,台南市,2025-09-10,［售］Nikon ZF 單機身 保固中,http://market.dcview.com/post/496273
Z8,1.0,73000,高雄市,2025-09-09,Z8,http://market.dcview.com/post/496148
Z8,1.0,83000,台北市,2025-09-08,Nikon Z8 單機身 公司貨 保固到2026/12,http://market.dcview.com/post/496035
Z8,1.0,75000,高雄市,2025-09-08,Z8,http://market.dcview.com/post/496024
Z6,2.0,32500,台中市,2025-09-07,Nikon Z6ii,http://market.dcview.com/post/495957
Z5,1.0,19200,新北市,2025-09-06,Nikon Z5 單機身 平輸,http://market.dcview.com/post/495825
Z6,3.0,56000,新北市,2025-09-05,Nikon Z6iii 單機身 國祥公司貨,http://market.dcview.com/post/495720
Z8,1.0,78000,台北市,2025-09-04,Nikon Z8 單機身 保內公司貨,http://market.dcview.com/post/495669
D5,1.0,49000,新竹市,2025-09-03,D5 XQD 版本 快門1萬8,http://market.dcview.com/post/495494
D6,1.0,95000,桃園市,2025-09-02,Nikon D6,http://market.dcview.com/post/495458
Z8,1.0,80000,台南市,2025-09-02,售 二手近全新 Nikon Z8 單眼相機(台灣公司貨),http://market.dcview.com/post/495429
Z6,3.0,66000,台北市,2025-09-02,Nikon Z6III Z63 無反光鏡相機 公司貨 全新未拆 保固中,http://market.dcview.com/post/495411
Z6,2.0,28000,桃園市,2025-09-01,nikon Z6ii 公司貨 過保,http://market.dcview.com/post/495297
Z6,3.0,58000,新北市,2025-08-31,Nikon Z6iii 單機身 國祥公司貨,http://market.dcview.com/post/495183
Z6,3.0,59000,新北市,2025-08-29,Nikon Z6iii 單機身 國祥公司貨,http://market.dcview.com/post/494950
Z50,2.0,22500,桃園市,2025-08-28,Nikon Z50 II 2代 單機身 (國祥公司貨) 保固內,http://market.dcview.com/post/494817
Z6,1.0,64000,新北市,2025-08-28,Z6 lll 單機身 公司貨 雙原電 保固2年,http://market.dcview.com/post/494745
Z6,2.0,30000,桃園市,2025-08-28,nikon Z6ii 公司貨 過保,http://market.dcview.com/post/494730
Z8,1.0,84500,新北市,2025-08-27,Nikon Z8 單機身 公司貨 保固內 快門541,http://market.dcview.com/post/494684
Z6,3.0,62000,新北市,2025-08-27,Nikon Z6iii 單機身 國祥公司貨,http://market.dcview.com/post/494632
Z7,2.0,41000,桃園市,2025-08-26,Z7ii,http://market.dcview.com/post/494541
Z5,1.0,16000,新竹市,2025-08-26,NIKON Z5 單機身 平輸 盒裝 快門一萬多 全片幅微單眼相機,http://market.dcview.com/post/494535
Z9,1.0,95000,台南市,2025-08-23,【NIKON】Z9 單機身 全片幅無反相機 (公司貨),http://market.dcview.com/post/494266
Z6,2.0,32000,台北市,2025-08-23,Nikon Z6 II 單機身 公司貨,http://market.dcview.com/post/494225
Z6,3.0,67500,台北市,2025-08-21,Nikon Z6III Z63 無反光鏡相機 公司貨 全新未拆 保固中,http://market.dcview.com/post/494099
Z50,2.0,23500,桃園市,2025-08-21,Nikon Z50 II 2代 單機身 (國祥公司貨) 保固內,http://market.dcview.com/post/494046
Z8,1.0,78000,台北市,2025-08-20,Nikon Z8 單機身 保內公司貨,http://market.dcview.com/post/494018
D850,1.0,14000,桃園市,2025-08-19,尼康 NIKON D750 全片幅單眼相機 (D500 D600 D610D760 D800 D810 D850),http://market.dcview.com/post/493830
ZF,1.0,45500,高雄市,2025-08-16,Nikon ZF BODY 單機身 公司貨,http://market.dcview.com/post/493504
Z6,2.0,34000,新竹市,2025-08-15,Z6 II 相機王水貨,http://market.dcview.com/post/493326
Z5,1.0,18000,台中市,2025-08-15,［售］Nikon z5 單機身公司貨,http://market.dcview.com/post/493288
Z6,2.0,30000,新竹市,2025-08-12,nikon z6ii,http://market.dcview.com/post/493025
ZF,1.0,45000,彰化縣,2025-08-12,Nikon ZF 單機身 零快門 未註冊 國祥公司貨,http://market.dcview.com/post/492968
Z7,1.0,32000,新北市,2025-08-11,NIKON Z7 公司貨,http://market.dcview.com/post/492904
Z5,1.0,20000,台中市,2025-08-08,［售］Nikon z5 平輸,http://market.dcview.com/post/492578
Z7,1.0,34000,台南市,2025-08-08,Nikon Z7 公司貨,http://market.dcview.com/post/492563
ZF,1.0,42000,台北市,2025-08-08,Nikon ZF 單機身 低快門 公司貨保固中 到26年9月中,http://market.dcview.com/post/492511
Z8,1.0,80000,台北市,2025-08-08,Nikon Z8 單機身 保內公司貨,http://market.dcview.com/post/492479
D500,1.0,18000,台中市,2025-08-07,Nikon D500 平輸 109.6.5有盒卡 無摔無碰功能正常,http://market.dcview.com/post/492448
Z5,2.0,46000,新北市,2025-08-06,Z5ii 二代,http://market.dcview.com/post/492344
ZF,1.0,43000,台中市,2025-08-05,Nikon ZF 公司貨 保內,http://market.dcview.com/post/492281
Z5,2.0,48000,台中市,2025-08-04,【Nikon 尼康】Z5 II 二代 BODY 單機身 全片幅 微單眼相機(國祥公司貨 二年保固),http://market.dcview.com/post/492149
Z8,1.0,80000,台北市,2025-08-03,Nikon Z8 單機身 保內公司貨,http://market.dcview.com/post/492096
ZF,1.0,42000,台北市,2025-08-03,Nikon ZF 公司貨 (保內),http://market.dcview.com/post/492018
Z5,2.0,46000,新北市,2025-08-02,Nikon z5ii 二代,http://market.dcview.com/post/491945
Z7,1.0,34000,台南市,2025-08-02,Nikon Z7 公司貨,http://market.dcview.com/post/491940
Z50,1.0,11000,高雄市,2025-08-01,Z50 1.8,http://market.dcview.com/post/491806
Z5,2.0,48000,新北市,2025-08-01,Nikon z5ii,http://market.dcview.com/post/491784
Z8,1.0,80000,台北市,2025-07-29,Nikon Z8 單機身 保內公司貨,http://market.dcview.com/post/491531
Z7,1.0,34000,台南市,2025-07-29,Nikon Z7 公司貨,http://market.dcview.com/post/491463
ZF,1.0,43000,台北市,2025-07-27,Nikon ZF 單機身 1182低快門 公司貨保固中 到26年9月中,http://market.dcview.com/post/491232
Z8,1.0,80000,台北市,2025-07-26,Nikon Z8 單機身 保內公司貨,http://market.dcview.com/post/491113
Z5,1.0,18000,新竹縣,2025-07-24,售 Nikon Z5,http://market.dcview.com/post/490951
ZF,1.0,40000,桃園市,2025-07-24,Nikon ZF 公司貨,http://market.dcview.com/post/490911
ZF,1.0,41000,桃園市,2025-07-24,Nikon ZF 全片幅相機 國祥公司貨,http://market.dcview.com/post/490900
Z7,1.0,34000,台南市,2025-07-23,Nikon Z7 公司貨,http://market.dcview.com/post/490799
Z9,1.0,95000,新竹縣,2025-07-22,NIKON Z9,http://market.dcview.com/post/490616
Z8,1.0,80000,台北市,2025-07-21,Nikon Z8 單機身 保內公司貨,http://market.dcview.com/post/490479
Z6,1.0,19500,桃園市,2025-07-20,NIKON Z6 數位單眼相機 單機身,http://market.dcview.com/post/490315
Z6,2.0,37000,新竹市,2025-07-19,NIKON Z6II 快門9XX 公司貨 Z62,http://market.dcview.com/post/490220
ZF,1.0,42000,桃園市,2025-07-18,Nikon ZF 全片幅相機 國祥公司貨,http://market.dcview.com/post/490119
ZF,1.0,42800,台北市,2025-07-17,Nikon ZF 單機身 原廠公司貨(已過保),http://market.dcview.com/post/490019
Z6,3.0,52000,新北市,2025-07-17,Z6 iii 三代,http://market.dcview.com/post/489977
Z6,2.0,34000,新竹市,2025-07-14,Z6 II 相機王水貨,http://market.dcview.com/post/489581
Z8,1.0,80000,台北市,2025-07-12,Nikon Z8 單機身 保內公司貨,http://market.dcview.com/post/489403
ZF,1.0,40000,新北市,2025-07-11,Nikon ZF 單機身,http://market.dcview.com/post/489288
ZF,1.0,40000,新北市,2025-07-10,Nikon ZF 機身,http://market.dcview.com/post/489263
D850,1.0,40000,台北市,2025-07-10,『澄橘』Nikon D850 Body 機身 二手 快門94xx《歡迎舊機折抵 提供相機租借服務》A77427,http://market.dcview.com/post/489231
Z8,1.0,80000,台北市,2025-07-09,Nikon Z8 單機身 保內公司貨,http://market.dcview.com/post/489088
Z9,1.0,99000,新北市,2025-07-07,【售】NIKON Z9 平輸 幾乎全新,http://market.dcview.com/post/488851
Z6,3.0,54000,新北市,2025-07-07,NIKON Z6III 水貨保內,http://market.dcview.com/post/488805
Z50,2.0,25000,新北市,2025-07-07,z50 ii 二代,http://market.dcview.com/post/488715
D500,1.0,22000,桃園市,2025-07-06,NIKON D500 單機身,http://market.dcview.com/post/488673
Z7,1.0,33000,新北市,2025-07-06,NIKON Z7 公司貨,http://market.dcview.com/post/488623
D5,1.0,40000,新竹市,2025-07-06,D5,http://market.dcview.com/post/488622
Z5,1.0,19000,台中市,2025-07-05,Nikon Z5,http://market.dcview.com/post/488551
Z5,1.0,20000,新竹縣,2025-07-04,NIKON Z5,http://market.dcview.com/post/488352
Z5,2.0,47000,台北市,2025-07-02,Nikon Z5ii Z5II 單機身,http://market.dcview.com/post/488045
D5,1.0,45000,台北市,2025-07-02,D5 XQD 公司貨,http://market.dcview.com/post/488026
Z50,2.0,26000,新北市,2025-07-02,z50 ii 二代,http://market.dcview.com/post/488015
Z6,3.0,63000,新北市,2025-07-01,Nikon Z6III｜Z63｜公司貨保固內,http://market.dcview.com/post/487901
Z6,1.0,30000,桃園市,2025-06-30,Z6 二代 z85f1.8s,http://market.dcview.com/post/487815
Z6,3.0,63000,新北市,2025-06-29,Nikon Z6III / Z63｜公司貨保固內,http://market.dcview.com/post/487614
Z6,3.0,65000,新北市,2025-06-28,Nikon Z6III / Z63｜公司貨保固內,http://market.dcview.com/post/487555
Z7,2.0,46000,台中市,2025-06-27,Nikon Z7ii 公司貨,http://market.dcview.com/post/487449
Z6,2.0,34000,新北市,2025-06-24,Nikon Z6 ii 相機 保內公司貨,http://market.dcview.com/post/487105
ZF,1.0,43000,桃園市,2025-06-24,Nikon ZF 全片幅相機 國祥公司貨,http://market.dcview.com/post/487052
D5,1.0,40000,新竹市,2025-06-24,Nikon D5,http://market.dcview.com/post/486993
Z8,1.0,78000,高雄市,2025-06-23,Nikon 尼康 Z8 單機身 --公司貨,http://market.dcview.com/post/486924
Z30,1.0,13500,新北市,2025-06-21,Nikon Z30 公司貨 保固內,http://market.dcview.com/post/486798
Z8,1.0,78000,台南市,2025-06-21,Nikon 尼康 Z8 單機身 --公司貨,http://market.dcview.com/post/486797
Z6,1.0,22500,台北市,2025-06-20,Nikon Z6 全幅無反相機 單機身 快門數22477 公司貨,http://market.dcview.com/post/486633
D810,1.0,19000,桃園市,2025-06-20,Nikon D810 機身＋MB-D12 垂直手把（不拆售）,http://market.dcview.com/post/486586
ZF,1.0,44000,桃園市,2025-06-19,Nikon ZF 全片幅相機 國祥公司貨,http://market.dcview.com/post/486487
Z6,2.0,28000,新北市,2025-06-18,NIKON Z6II Z62 公司貨 單機身,http://market.dcview.com/post/486420
Z6,2.0,36000,彰化縣,2025-06-18,售NIKON Z6ii 機身,http://market.dcview.com/post/486305
Z6,2.0,34000,桃園市,2025-06-16,Nikon Z6II 公司貨 已過保 快門15xxx,http://market.dcview.com/post/486168
Z5,2.0,50000,台中市,2025-06-16,Nikon Z5II Body - 單機身 (全新未拆-公司貨),http://market.dcview.com/post/486081
ZF,1.0,45000,桃園市,2025-06-16,Nikon ZF 全片幅相機 國祥公司貨,http://market.dcview.com/post/486080
Z5,2.0,50000,台中市,2025-06-12,Nikon Z5II Body - 全新未拆單機身 (國祥公司貨),http://market.dcview.com/post/485715
Z6,2.0,32000,新北市,2025-06-12,NIKON Z6II 公司貨,http://market.dcview.com/post/485609
D500,1.0,25000,台南市,2025-06-11,nikon d500 快門七千多國祥公司貨幾乎全新,http://market.dcview.com/post/485469
Z8,1.0,83000,新北市,2025-06-08,Nikon Z8 公司貨 保固內 快門：5xxx,http://market.dcview.com/post/485188
Z8,1.0,74000,桃園市,2025-06-08,Nikon Z8,http://market.dcview.com/post/485121
ZF,1.0,47000,新北市,2025-06-06,Nikon Zf 單機身保內公司貨（含副廠手把 YUWOOD 紫光檀、全新OWC SD V60 128G、全新創見 microSD 256G）,http://market.dcview.com/post/484973
Z5,1.0,21500,新北市,2025-06-06,Nikon Z5 機身 平輸,http://market.dcview.com/post/484944
D780,1.0,20000,台中市,2025-06-06,D780 整套出清,http://market.dcview.com/post/484931
ZF,1.0,47000,新北市,2025-06-05,Nikon Zf 單機身保內公司貨（含副廠手把YUWOOD 紫光檀、microSD 256G）,http://market.dcview.com/post/484832
ZF,1.0,47000,新竹市,2025-06-05,NIKON ZF 國祥公司貨過保,http://market.dcview.com/post/484783
Z6,2.0,37000,新竹市,2025-06-04,NIKON Z6II 公司貨 快門1XXX,http://market.dcview.com/post/484628
Z8,1.0,76000,新竹市,2025-06-04,Z8 公司貨 有受傷 快門一萬多 過保 非問題序號 $76000,http://market.dcview.com/post/484626
D850,1.0,35000,桃園市,2025-06-03,NIKON D850,http://market.dcview.com/post/484550
Z50,1.0,13000,桃園市,2025-06-02,Nikon Z50 單機身 國祥公司貨,http://market.dcview.com/post/484398
ZF,1.0,47000,桃園市,2025-06-01,NIKON ZF 單機,http://market.dcview.com/post/484277
Z8,1.0,80000,台中市,2025-05-31,Nikon Z8 公司貨保固內,http://market.dcview.com/post/484186
ZF,1.0,85000,高雄市,2025-05-30,Nikon zf/z28-400/z50f1.8,http://market.dcview.com/post/484127
Z6,3.0,52000,台南市,2025-05-30,NIKON Z6 III (水貨)單機身,http://market.dcview.com/post/484070
Z9,1.0,91000,台北市,2025-05-29,Nikon Z9 全幅無反相機 單機身 快門數10387,http://market.dcview.com/post/484017
Z9,1.0,95000,台北市,2025-05-29,售NIKON Z9,http://market.dcview.com/post/483942
D810,1.0,18000,新北市,2025-05-28,Nikon D810 公司貨,http://market.dcview.com/post/483878
Z6,3.0,52000,台南市,2025-05-28,NIKON Z6 III (水貨)單機身,http://market.dcview.com/post/483841
Z5,1.0,20000,新北市,2025-05-26,Nikon Z5 平輸,http://market.dcview.com/post/483648
Z6,1.0,22000,台北市,2025-05-25,Nikon Z6 單機身,http://market.dcview.com/post/483543
ZF,1.0,43000,新北市,2025-05-25,Nikon ZF,http://market.dcview.com/post/483486
D800,1.0,11000,新北市,2025-05-24,Nikon D800E 國祥公司貨,http://market.dcview.com/post/483355
D810,1.0,18000,桃園市,2025-05-24,NIKON D810 單機身,http://market.dcview.com/post/483348
Z6,2.0,37000,新竹市,2025-05-21,NIKON Z6II 公司貨 快門1XXX,http://market.dcview.com/post/483048
Z8,1.0,77000,新竹市,2025-05-21,Z8 公司貨 有受傷 快門一萬多 過保 非問題序號 $77000,http://market.dcview.com/post/483046
ZF,1.0,43500,台中市,2025-05-19,Nikon zf,http://market.dcview.com/post/482813
ZFC,1.0,19500,新北市,2025-05-19,Nikon ZFC 黑色 公司貨,http://market.dcview.com/post/482803
Z50,1.0,13500,桃園市,2025-05-18,Nikon Z50 單機身 國祥公司貨,http://market.dcview.com/post/482647
ZF,1.0,45000,台中市,2025-05-18,Nikon Zf,http://market.dcview.com/post/482620
Z5,1.0,20500,台北市,2025-05-17,【出售】 Nikon Z5 平輸單機身,http://market.dcview.com/post/482562
Z6,2.0,34500,台中市,2025-05-17,Nikon Z6ii 公司貨,http://market.dcview.com/post/482516
D500,1.0,15000,台南市,2025-05-17,Nikon D500 打鳥機首選 快門79342,http://market.dcview.com/post/482488
ZF,1.0,43000,桃園市,2025-05-16,Nikon zf 公司貨過保 快門94 其他系統可交流,http://market.dcview.com/post/482402
Z7,1.0,35800,新北市,2025-05-16,【售】NIKON Z7 一代 公司貨,http://market.dcview.com/post/482350
Z7,2.0,52000,台中市,2025-05-15,Nikon Z7II 機身 （公司貨， 低快門）,http://market.dcview.com/post/482238
Z50,1.0,14000,桃園市,2025-05-14,Nikon Z50 單機身 國祥公司貨,http://market.dcview.com/post/482179
Z7,2.0,57000,台中市,2025-05-14,Nikon Z7II 機身 （公司貨，低快門數）,http://market.dcview.com/post/482106
Z8,1.0,78000,新竹市,2025-05-13,Z8 公司貨 有受傷 快門一萬多 過保 非問題序號 $78000,http://market.dcview.com/post/481921
Z6,2.0,37000,新竹市,2025-05-13,NIKON Z6II 公司貨 快門1XXX,http://market.dcview.com/post/481908
ZFC,1.0,19500,新北市,2025-05-12,Nikon ZFC 黑色 公司貨,http://market.dcview.com/post/481812
Z8,1.0,87000,台北市,2025-05-12,Nikon Z8 國祥公司貨，保固至年底,http://market.dcview.com/post/481794
ZF,1.0,43000,桃園市,2025-05-12,Nikon zf 公司貨過保 快門94,http://market.dcview.com/post/481766
Z9,1.0,93000,台北市,2025-05-11,Nikon Z9 全幅無反相機 單機身 快門數10387,http://market.dcview.com/post/481656
Z7,1.0,36500,新北市,2025-05-10,【售】NIKON Z7 一代 公司貨 外觀如新,http://market.dcview.com/post/481537
Z9,1.0,100000,桃園市,2025-05-10,Nikon Z9 保內公司貨,http://market.dcview.com/post/481472
ZF,1.0,43000,桃園市,2025-05-08,Nikon zf 公司貨過保 快門94,http://market.dcview.com/post/481201
ZFC,1.0,16500,新北市,2025-05-07,Nikon Zfc,http://market.dcview.com/post/481072
Z8,1.0,85000,台中市,2025-05-06,Nikon Z8 公司貨 保固內,http://market.dcview.com/post/481005
Z6,2.0,35000,新竹縣,2025-05-06,Z6 II 相機王水貨,http://market.dcview.com/post/480895
Z8,1.0,78000,新竹市,2025-05-06,Z8 公司貨 有受傷 快門一萬多 過保 非問題序號 $78000,http://market.dcview.com/post/480893
Z8,1.0,81500,屏東縣,2025-05-04,Nikon Z8 公司貨 保固內,http://market.dcview.com/post/480589
Z5,1.0,21000,台北市,2025-05-02,Nikon z5,http://market.dcview.com/post/480438
ZF,1.0,43800,台中市,2025-05-02,Zf 單機身公司貨,http://market.dcview.com/post/480407
Z9,1.0,100000,桃園市,2025-05-02,Nikon Z9 保內公司貨,http://market.dcview.com/post/480328
Z7,2.0,45000,台中市,2025-05-01,Nikon Z7 II 機身 國祥公司貨 盒單配件全 剛過保 兩顆原電 Z7II Z72,http://market.dcview.com/post/480261
Z6,2.0,35000,新竹市,2025-05-01,Z6 II 相機王水貨,http://market.dcview.com/post/480239
Z8,1.0,79000,新竹市,2025-05-01,Z8 公司貨 有受傷 快門一萬多 過保 非問題序號 $79000,http://market.dcview.com/post/480236
Z7,2.0,45000,台中市,2025-05-01,Nikon Z7II 公司貨,http://market.dcview.com/post/480168
Z8,1.0,88000,高雄市,2025-04-29,Nikon z8 公司貨 保內,http://market.dcview.com/post/480005
Z8,1.0,115000,高雄市,2025-04-29,Nikon Z8 一機三鏡 全收可議,http://market.dcview.com/post/479914
Z8,1.0,85000,高雄市,2025-04-29,Nikon Z8,http://market.dcview.com/post/479901
Z8,1.0,115000,高雄市,2025-04-29,Nikon Z8 一機三鏡 全收可議 可面交優先,http://market.dcview.com/post/479857
Z7,2.0,45000,台中市,2025-04-28,Nikon Z7 II 機身 國翔公司貨 盒單配件全 剛過保 兩顆原電,http://market.dcview.com/post/479793
Z8,1.0,115000,高雄市,2025-04-28,Nikon Z8 一機三鏡,http://market.dcview.com/post/479782
D750,1.0,11000,新北市,2025-04-27,NIKON D750 單機身 過保,http://market.dcview.com/post/479705
Z9,1.0,95000,台北市,2025-04-27,Nikon Z9 全幅無反相機 單機身 快門數10387,http://market.dcview.com/post/479666
Z6,1.0,22000,台中市,2025-04-27,Nikon Z6,http://market.dcview.com/post/479651
Z5,1.0,22000,新竹市,2025-04-27,NIKON Z5,http://market.dcview.com/post/479624
Z8,1.0,79000,新竹市,2025-04-27,Z8 公司貨 有受傷 快門一萬多 過保 非問題序號 $79000,http://market.dcview.com/post/479621
D850,1.0,38000,新竹市,2025-04-25,D850,http://market.dcview.com/post/479450
Z7,1.0,99999,高雄市,2025-04-25,NIKON z7,http://market.dcview.com/post/479333
D850,1.0,38000,台北市,2025-04-25,【售】Nikon D850 過保公司貨,http://market.dcview.com/post/479314
Z6,2.0,34000,台中市,2025-04-24,Nikon Z6ii,http://market.dcview.com/post/479296
Z8,1.0,88000,台北市,2025-04-24,售： Z8,http://market.dcview.com/post/479223
D5,1.0,58000,桃園市,2025-04-22,Nikon D5 公司貨 CF版本,http://market.dcview.com/post/478975
ZFC,1.0,21500,新北市,2025-04-21,Nikon ZFC 黑色,http://market.dcview.com/post/478769
ZFC,1.0,16000,台中市,2025-04-20,Nikon zfc,http://market.dcview.com/post/478654
Z6,2.0,36000,新竹市,2025-04-20,Z6II 公司貨 快門一萬多,http://market.dcview.com/post/478624
D810,1.0,22000,彰化縣,2025-04-19,Nikon D810 快門16545,http://market.dcview.com/post/478504
Z8,1.0,85000,台中市,2025-04-18,nikon z8,http://market.dcview.com/post/478442
Z9,1.0,98000,台北市,2025-04-18,Nikon Z9 全幅無反相機 單機身 快門數10387,http://market.dcview.com/post/478438
ZF,1.0,45800,台北市,2025-04-18,Nikon ZF 單機身 原廠公司貨,http://market.dcview.com/post/478364
Z6,2.0,34000,新北市,2025-04-17,Nikon Z6ii 公司貨過保,http://market.dcview.com/post/478334
ZF,1.0,49000,台北市,2025-04-17,Nikon ZF,http://market.dcview.com/post/478274
ZFC,1.0,17000,台中市,2025-04-14,nikon zfc,http://market.dcview.com/post/477897
Z6,2.0,36000,新竹市,2025-04-14,Z6II 公司貨 快門一萬多,http://market.dcview.com/post/477812
Z6,1.0,22500,台中市,2025-04-13,Z6 機身,http://market.dcview.com/post/477746
Z6,2.0,31500,新竹市,2025-04-12,『 公司貨』NIKON Z6II,http://market.dcview.com/post/477591
Z6,2.0,36000,新竹市,2025-04-11,Z6II 公司貨 快門一萬多,http://market.dcview.com/post/477470
Z6,2.0,31000,台北市,2025-04-10,【售】nikon Z6ii 相機王水貨,http://market.dcview.com/post/477329
Z9,1.0,110000,桃園市,2025-04-09,Nikon Z9,http://market.dcview.com/post/477176
D500,1.0,20000,新北市,2025-04-09,Nikon D500,http://market.dcview.com/post/477139
Z8,1.0,90000,新北市,2025-04-09,Z8,http://market.dcview.com/post/477068
Z50,1.0,40000,高雄市,2025-04-08,Z50 1.2S,http://market.dcview.com/post/477026
D810,1.0,20000,彰化縣,2025-04-08,D810 2470 70200,http://market.dcview.com/post/476905
ZF,1.0,48000,台南市,2025-04-07,售 二手近全新 Nikon Zf 相機（臺灣原廠公司貨）,http://market.dcview.com/post/476856
ZFC,1.0,18000,台中市,2025-04-07,nikon zfc,http://market.dcview.com/post/476853
Z9,1.0,100000,台南市,2025-04-07,NIKON Z9,http://market.dcview.com/post/476746
Z50,1.0,41000,高雄市,2025-04-07,Z50 1.2,http://market.dcview.com/post/476700
D800,1.0,11000,高雄市,2025-04-07,D800,http://market.dcview.com/post/476680
Z6,2.0,36000,新竹市,2025-04-06,Z6II 公司貨 快門一萬多,http://market.dcview.com/post/476655
Z6,2.0,34000,台中市,2025-04-06,Nikon Z6ii,http://market.dcview.com/post/476633
ZF,1.0,52000,台南市,2025-04-05,售 二手近全新 Nikon Zf 相機（臺灣原廠公司貨）,http://market.dcview.com/post/476429
Z7,2.0,44000,新北市,2025-04-05,Z無反相機 Z7II 盒裝公司貨 已過保,http://market.dcview.com/post/476419
Z9,1.0,105000,新北市,2025-04-04,NIKON Z9 公司貨 過保,http://market.dcview.com/post/476369
D500,1.0,25000,新竹縣,2025-04-04,D500,http://market.dcview.com/post/476337
Z9,1.0,105000,高雄市,2025-04-04,NIKON Z9,http://market.dcview.com/post/476322
Z6,1.0,21000,高雄市,2025-04-03,Nikon 尼康 Z6,http://market.dcview.com/post/476191
D780,1.0,33000,台中市,2025-04-03,Nikon D780 單機身 平輸,http://market.dcview.com/post/476178
ZF,1.0,40000,台北市,2025-04-02,nikon zf 單機身,http://market.dcview.com/post/476047
Z6,1.0,22000,新竹市,2025-03-31,Z6,http://market.dcview.com/post/475824
Z5,1.0,21000,新北市,2025-03-29,Nikon z5 單機身 快門41xx,http://market.dcview.com/post/475551
Z6,2.0,34000,台北市,2025-03-29,Nikon Z6ii 公司貨過保,http://market.dcview.com/post/475536
Z5,1.0,19500,新北市,2025-03-28,Nikon z5 單機身,http://market.dcview.com/post/475427
ZF,1.0,46000,高雄市,2025-03-28,Nikon zf（公司貨）,http://market.dcview.com/post/475385
D750,1.0,11000,新竹市,2025-03-25,NIKON D750,http://market.dcview.com/post/475019
Z8,1.0,94000,台北市,2025-03-25,Z8,http://market.dcview.com/post/474958
Z6,3.0,65000,台北市,2025-03-25,Nikon Z6III 公司貨保內,http://market.dcview.com/post/474933
Z9,1.0,110000,桃園市,2025-03-24,Nikon Z9 保內公司貨,http://market.dcview.com/post/474752
Z8,1.0,90000,高雄市,2025-03-23,Z8 公司貨保內,http://market.dcview.com/post/474648
Z6,2.0,35000,台北市,2025-03-23,Nikon Z6ii 公司貨過保,http://market.dcview.com/post/474613
Z6,2.0,32000,高雄市,2025-03-22,Nikon Z6II,http://market.dcview.com/post/474531
Z8,1.0,90000,高雄市,2025-03-20,Z8,http://market.dcview.com/post/474273
Z8,1.0,116000,高雄市,2025-03-20,Z8 24-120,http://market.dcview.com/post/474199
Z6,2.0,26500,台北市,2025-03-19,NIkon Z6 ii 單機身 公司貨過保 Nikon Z-GR1 Nikon Mb-N11,http://market.dcview.com/post/474196
Z9,1.0,110000,桃園市,2025-03-19,Nikon Z9 保內公司貨,http://market.dcview.com/post/474098
Z9,1.0,115000,高雄市,2025-03-19,NIKON Z9,http://market.dcview.com/post/474095
Z6,2.0,31000,台南市,2025-03-18,Nikon Z6II 有盒有單 公司貨 保固內,http://market.dcview.com/post/473956
Z5,1.0,21800,台北市,2025-03-17,Nikon Z5 單機身 相機王購入,http://market.dcview.com/post/473776
D780,1.0,36000,新竹縣,2025-03-16,D780 快門一萬,http://market.dcview.com/post/473635
Z6,2.0,32000,台南市,2025-03-15,Nikon Z6II 有盒有單 公司貨 保固內,http://market.dcview.com/post/473518
Z7,2.0,50000,高雄市,2025-03-15,Nikon Z7ii 國祥公司貨，金茂代理購買,http://market.dcview.com/post/473507
ZFC,1.0,22000,新竹市,2025-03-14,ZFC,http://market.dcview.com/post/473410
Z7,2.0,52000,高雄市,2025-03-13,Nikon Z7ii 國祥公司貨，金茂代理購買,http://market.dcview.com/post/473252
ZF,1.0,40000,高雄市,2025-03-12,收 NIKON ZF 單機身,http://market.dcview.com/post/473136
Z7,2.0,52000,高雄市,2025-03-12,Nikon Z7ii 國祥公司貨，金茂代理購買,http://market.dcview.com/post/473110
Z6,2.0,32000,台南市,2025-03-12,Nikon Z6II 有盒有單 公司貨 保固內,http://market.dcview.com/post/473102
Z6,2.0,36000,新竹市,2025-03-10,NIKON Z6II 公司貨 快門2XXX,http://market.dcview.com/post/472760
ZF,1.0,40000,新北市,2025-03-10,Nikon Zf 黑 保內公司貨 高快門,http://market.dcview.com/post/472752
Z6,2.0,32000,新北市,2025-03-10,Z6 II (公司貨),http://market.dcview.com/post/472751
ZF,1.0,45000,高雄市,2025-03-10,Nikon Zf,http://market.dcview.com/post/472670
Z6,2.0,32000,台南市,2025-03-09,Nikon Z6II 有盒有單 公司貨 保固內,http://market.dcview.com/post/472617
D810,1.0,16000,新北市,2025-03-07,D810 24-70f2.8g 70-200f2.8g(小黑六） 200-500f5.6,http://market.dcview.com/post/472527
D850,1.0,33000,台北市,2025-03-06,Nikon D850 公司貨,http://market.dcview.com/post/472446
D780,1.0,36000,新竹縣,2025-03-05,D780 快門一萬,http://market.dcview.com/post/472369
D850,1.0,40000,台北市,2025-03-05,Nikon D850 公司貨(過保),http://market.dcview.com/post/472265
D850,1.0,40000,台北市,2025-03-04,Nikon D850 公司貨,http://market.dcview.com/post/472186
ZF,1.0,45000,新竹縣,2025-03-03,NIKON ZF,http://market.dcview.com/post/472029
Z7,1.0,33000,高雄市,2025-03-03,Nikon Z7 公司貨,http://market.dcview.com/post/471936
Z5,1.0,20000,新北市,2025-03-03,nikon Z5 公司貨過保,http://market.dcview.com/post/471883
ZF,1.0,47000,新竹縣,2025-03-01,NIKON ZF,http://market.dcview.com/post/471699
ZFC,1.0,23000,新竹市,2025-03-01,ZFC,http://market.dcview.com/post/471645
D750,1.0,16000,新竹市,2025-02-28,NIKON D750,http://market.dcview.com/post/471542
Z6,2.0,36000,新竹市,2025-02-28,NIKON Z6II 公司貨 快門2XXX,http://market.dcview.com/post/471541
ZFC,1.0,19000,台中市,2025-02-27,Nikon ZFC 日規機,http://market.dcview.com/post/471387
Z8,1.0,83000,桃園市,2025-02-26,Z8 公司貨單機身,http://market.dcview.com/post/471288
Z9,1.0,108000,桃園市,2025-02-26,出售公司貨 Z9 單機身,http://market.dcview.com/post/471287
Z6,1.0,22000,台中市,2025-02-26,Nikon Z6 公司貨,http://market.dcview.com/post/471164
Z6,3.0,69000,台南市,2025-02-24,全新 國祥公司貨 NIKON Z6III Z63 單機身 台南可面交 保固兩年,http://market.dcview.com/post/470918
D5300,1.0,12000,彰化縣,2025-02-23,Nikon D5300、18-140、Sigma 17-50 價可議,http://market.dcview.com/post/470716
D750,1.0,16000,新竹市,2025-02-23,NIKON D750,http://market.dcview.com/post/470680
D750,1.0,16000,新竹市,2025-02-23,NIKON D750,http://market.dcview.com/post/470679
ZFC,1.0,23500,高雄市,2025-02-22,Nikon ZFC 單機身,http://market.dcview.com/post/470525
ZF,1.0,45000,台北市,2025-02-21,Nikon ZF 單機身 低快門數 贈配件 雙北基隆面交,http://market.dcview.com/post/470432
ZF,1.0,48000,新北市,2025-02-21,Nikon Zf 公司貨 單機身,http://market.dcview.com/post/470393
Z6,2.0,29000,高雄市,2025-02-21,Nikon Z6II,http://market.dcview.com/post/470366
ZF,1.0,45000,台北市,2025-02-21,Nikon ZF 單機身,http://market.dcview.com/post/470363
ZF,1.0,45000,台北市,2025-02-21,Nikon ZF 單機身,http://market.dcview.com/post/470350
Z6,2.0,36000,新竹市,2025-02-20,NIKON Z6II 公司貨 快門2XXX,http://market.dcview.com/post/470280
Z6,1.0,18000,台南市,2025-02-20,Nikon z6 單機身 過保 、神牛閃燈、DJI穩定器、Gitzo腳架,http://market.dcview.com/post/470214
ZF,1.0,50000,新竹縣,2025-02-19,NIKON ZF 公司貨 有貼膜 快門不到五千,http://market.dcview.com/post/470143
Z9,1.0,115000,桃園市,2025-02-19,Nikon Z9 保內公司貨,http://market.dcview.com/post/470134
D5300,1.0,14000,彰化縣,2025-02-19,Nikon D5300、18-140、sigma 17-50,http://market.dcview.com/post/470030
Z50,1.0,16500,新北市,2025-02-19,九成新 Nikon Z50 單眼 相機 單機身 黑色,http://market.dcview.com/post/470010
ZFC,1.0,23500,新北市,2025-02-19,Nikon ZFc 公司貨 經典 復古 單眼 相機 單機身 黑色,http://market.dcview.com/post/470008
Z9,1.0,105000,新北市,2025-02-19,公司貨 Nikon Z9 旗艦 單眼 機身 快門數2XXX,http://market.dcview.com/post/470004
Z6,2.0,29000,高雄市,2025-02-19,Nikon Z6II 公司貨,http://market.dcview.com/post/469970
Z6,1.0,18888,基隆市,2025-02-18,Nikon Z6 機身,http://market.dcview.com/post/469898
ZFC,1.0,23500,高雄市,2025-02-18,Nikon ZFC 公司貨單機身,http://market.dcview.com/post/469895
Z5,1.0,20000,高雄市,2025-02-18,Z5 公司貨過保,http://market.dcview.com/post/469804
ZFC,1.0,23500,高雄市,2025-02-16,nikon zfc,http://market.dcview.com/post/469544
D810,1.0,25000,高雄市,2025-02-16,NIKON D810,http://market.dcview.com/post/469517
Z6,2.0,36500,台北市,2025-02-16,Z6ii 公司貨 雙北面交,http://market.dcview.com/post/469474
Z9,1.0,90000,桃園市,2025-02-16,Nikon Z9,http://market.dcview.com/post/469459
ZFC,1.0,23500,高雄市,2025-02-15,Nikon ZFC 單機身 公司貨,http://market.dcview.com/post/469409
Z6,1.0,20000,台南市,2025-02-15,Nikon Z6 單機身 神牛閃燈 DJI穩定器 Gitzo腳架,http://market.dcview.com/post/469396
Z6,2.0,36000,新竹市,2025-02-15,Z6 II 公司貨 快門7XXX,http://market.dcview.com/post/469337
D780,1.0,36000,新竹市,2025-02-15,D780 快門一萬,http://market.dcview.com/post/469336
Z6,2.0,38000,台北市,2025-02-15,z6ii 單機身 公司貨,http://market.dcview.com/post/469309
ZFC,1.0,25000,高雄市,2025-02-13,Nikon ZFC,http://market.dcview.com/post/469167
Z5,1.0,23000,新北市,2025-02-13,Nikon Z5 公司貨 過保,http://market.dcview.com/post/469165
Z9,1.0,113000,台中市,2025-02-13,售NIKON Z9 公司貨 保內 兩顆原電,http://market.dcview.com/post/469049
Z6,3.0,69000,台南市,2025-02-13,全新 國祥公司貨 NIKON Z6III Z63 單機身 台南可面交 保固兩年,http://market.dcview.com/post/468993
D850,1.0,38000,新竹市,2025-02-10,Nikon D850,http://market.dcview.com/post/468507
Z6,2.0,35000,桃園市,2025-02-08,Nikon Z6ii 公司貨 保固中,http://market.dcview.com/post/468334
D780,1.0,33000,台中市,2025-02-08,Nikon D780 單機身 平輸,http://market.dcview.com/post/468202
Z6,3.0,69000,台南市,2025-02-08,全新 國祥公司貨 NIKON Z6III Z63 單機身 台南可面交 保固兩年,http://market.dcview.com/post/468199
D750,1.0,16000,新北市,2025-02-07,Nikon D750,http://market.dcview.com/post/468068
Z6,2.0,32000,新竹市,2025-02-05,Z6II 公司貨 快門52XXX,http://market.dcview.com/post/467726
Z7,1.0,40000,台中市,2025-02-04,NIKON Z7,http://market.dcview.com/post/467688
Z7,1.0,40000,台中市,2025-02-03,NIKON z7,http://market.dcview.com/post/467431
D850,1.0,58000,台北市,2025-01-30,Nikon D850 公司貨,http://market.dcview.com/post/467101
Z6,2.0,34000,高雄市,2025-01-29,二手 Nikon Z6ii 單機身 台灣公司貨 已過保 z62 z6 mark 2 z6m2 z6 ii,http://market.dcview.com/post/466984
Z6,2.0,35000,嘉義市,2025-01-27,Z6ii 過保公司貨,http://market.dcview.com/post/466867
Z6,2.0,35500,新北市,2025-01-24,尼康 Nikon z6ii & z35/1.4,http://market.dcview.com/post/466541
Z6,2.0,33000,嘉義縣,2025-01-22,Nikon Z6ii Z62,http://market.dcview.com/post/466230
Z8,1.0,90000,台中市,2025-01-21,Z8 135 plena 35 1.4 viltrox 16,http://market.dcview.com/post/466171
Z7,2.0,48000,高雄市,2025-01-21,Nikon Z7II (公司貨),http://market.dcview.com/post/466081
Z50,1.0,12000,高雄市,2025-01-20,Z50 1.8,http://market.dcview.com/post/465987
ZF,1.0,48600,台中市,2025-01-20,Nikon zf,http://market.dcview.com/post/465957
Z6,3.0,58000,台北市,2025-01-20,Nikon Z6III,http://market.dcview.com/post/465946
Z6,3.0,58000,台北市,2025-01-20,Nikon Z6III,http://market.dcview.com/post/465943
Z7,2.0,50000,高雄市,2025-01-19,Nikon Z7II (公司貨過保),http://market.dcview.com/post/465808
Z7,2.0,53000,高雄市,2025-01-18,Nikon Z7II (公司貨過保),http://market.dcview.com/post/465617
Z6,1.0,18500,台北市,2025-01-17,降價 Nikon Z6 公司貨,http://market.dcview.com/post/465536
D6,1.0,92000,台南市,2025-01-16,Nikon D6,http://market.dcview.com/post/465298
Z5,1.0,19500,台北市,2025-01-15,【售】降售-Nikon Z5 公司貨 過保,http://market.dcview.com/post/465182
Z7,2.0,54000,高雄市,2025-01-15,Nikon Z7II (公司貨過保),http://market.dcview.com/post/465104
Z6,1.0,20500,新北市,2025-01-14,nikon z6,http://market.dcview.com/post/465077
Z6,1.0,20000,台北市,2025-01-14,Nikon Z6 單機身 公司貨,http://market.dcview.com/post/465047
D750,1.0,18000,新竹市,2025-01-12,D750,http://market.dcview.com/post/464744
ZFC,1.0,25000,雲林縣,2025-01-12,Nikon zfc,http://market.dcview.com/post/464676
Z7,2.0,42000,高雄市,2025-01-11,Nikon Z7II Z72-42000元,http://market.dcview.com/post/464669
Z7,2.0,45000,高雄市,2025-01-10,Nikon Z7II Z72,http://market.dcview.com/post/464517
Z5,1.0,20000,台北市,2025-01-10,【售】降售-Nikon Z5 公司貨 過保,http://market.dcview.com/post/464489
ZF,1.0,48000,台南市,2025-01-09,Nikon Zf 大全配 公司貨 保固中,http://market.dcview.com/post/464304
D850,1.0,79000,新北市,2025-01-08,Nikon D850 DSLR Camera,http://market.dcview.com/post/464263
Z50,1.0,12000,新竹市,2025-01-08,NIKON Z50 1.8S Z50 1.8,http://market.dcview.com/post/464101
Z6,3.0,58000,新竹市,2025-01-08,Z6III,http://market.dcview.com/post/464095
Z7,1.0,38000,新竹縣,2025-01-06,NIKON Z7,http://market.dcview.com/post/463870
Z7,2.0,46000,高雄市,2025-01-06,Nikon Z7II Z72,http://market.dcview.com/post/463848
Z6,1.0,23000,台北市,2025-01-06,Nikon Z6 機身 過保盒單全,http://market.dcview.com/post/463714
Z30,1.0,15500,桃園市,2025-01-04,Nikon Z30 單機身 (國祥公司貨) 低快門,http://market.dcview.com/post/463565
Z6,2.0,34000,新北市,2025-01-04,[台北市][台中市]Nikon Z6ii 水貨,http://market.dcview.com/post/463497
Z5,1.0,20000,台北市,2025-01-04,降售-Nikon Z5 公司貨,http://market.dcview.com/post/463493
Z7,1.0,38000,新竹市,2025-01-03,NIKON Z7,http://market.dcview.com/post/463317
Z6,1.0,22000,台北市,2025-01-03,Nikon Z6 單機身 公司貨 台北 中壢,http://market.dcview.com/post/463271
Z6,1.0,22000,彰化縣,2025-01-02,Nikon z6 、Z 24-120 、viltrox 85 1.8,http://market.dcview.com/post/463243
D5,1.0,70000,苗栗縣,2025-01-02,D5,http://market.dcview.com/post/463229
D5,1.0,99999,台中市,2025-01-02,[]Nikon D5,http://market.dcview.com/post/463078
Z6,2.0,33000,新北市,2025-01-01,NIKON Z6 II,http://market.dcview.com/post/463023
ZF,1.0,48000,高雄市,2025-01-01,Nikon 尼康 ZF 公司貨 2024年8月購買,http://market.dcview.com/post/463022
Z6,2.0,34000,台中市,2025-01-01,Nikon Z6ii,http://market.dcview.com/post/463016
D5,1.0,60000,苗栗縣,2025-01-01,D5,http://market.dcview.com/post/463013
Z6,1.0,21000,新北市,2025-01-01,Nikon Z6 盒單完整 單機身,http://market.dcview.com/post/462984
Z8,1.0,83000,台北市,2025-01-01,Nikon Z8,http://market.dcview.com/post/462951
Z5,1.0,18500,高雄市,2024-12-30,Nikon Z5,http://market.dcview.com/post/462780
Z6,1.0,19500,高雄市,2024-12-30,Nikon z6 單機身 水貨無盒卡（已過保）,http://market.dcview.com/post/462742
Z6,1.0,20000,新北市,2024-12-30,Nikon Z6 單機身 公司貨 板橋,http://market.dcview.com/post/462711
Z5,1.0,21000,台北市,2024-12-30,【售】Nikon Z5 公司貨過保 有盒單,http://market.dcview.com/post/462684
D800,1.0,16000,桃園市,2024-12-29,售 NIKON D800 單機身,http://market.dcview.com/post/462615
Z7,1.0,36000,高雄市,2024-12-28,Nikon Z7,http://market.dcview.com/post/462443
Z6,3.0,66000,台南市,2024-12-28,全新 國祥公司貨 NIKON Z6III Z63 單機身 台南可面交 保固兩年,http://market.dcview.com/post/462385
Z6,3.0,65000,新北市,2024-12-28,Nikon Z63 Z6 三代 Z6III 快門數3644 公司貨 單機身,http://market.dcview.com/post/462376
Z6,3.0,60000,台北市,2024-12-28,nikon z6iii 公司貨,http://market.dcview.com/post/462374
Z5,1.0,21000,台北市,2024-12-27,"降價【售】Nikon Z5 過保公司貨, 另售24-50mm鏡",http://market.dcview.com/post/462276
ZFC,1.0,26000,新北市,2024-12-26,ZFC,http://market.dcview.com/post/462068
Z6,3.0,66000,台南市,2024-12-26,全新 國祥公司貨 NIKON Z6III Z63 單機身 台南可面交 保固兩年,http://market.dcview.com/post/462051
ZF,1.0,45000,新竹市,2024-12-23,NIKON ZF,http://market.dcview.com/post/461617
D850,1.0,53000,屏東縣,2024-12-23,Nikon D850,http://market.dcview.com/post/461503
Z9,1.0,103000,台北市,2024-12-23,Nikon Z9 公司貨,http://market.dcview.com/post/461497
Z6,1.0,25500,新北市,2024-12-23,Z6 機身,http://market.dcview.com/post/461479
Z5,1.0,21500,台北市,2024-12-23,【售】Nikon Z5 公司貨過保,http://market.dcview.com/post/461404
Z6,3.0,66500,台南市,2024-12-22,全新 國祥公司貨 NIKON Z6III Z63 單機身 台南可面交 保固兩年,http://market.dcview.com/post/461309
Z30,1.0,16500,桃園市,2024-12-22,Nikon Z30 單機身 (國祥公司貨) 低快門,http://market.dcview.com/post/461298
Z6,3.0,67000,台南市,2024-12-08,全新 國祥公司貨 NIKON Z6III Z63 單機身 台南可面交 保固兩年,http://market.dcview.com/post/461067
Z6,2.0,41000,台南市,2024-12-06,全新品 NIKON Z6II Z62 單機身 無反 台南可面交 國祥公司貨 保固兩年,http://market.dcview.com/post/460404
Z8,1.0,85000,新北市,2024-12-06,Nikon Z8,http://market.dcview.com/post/460229
Z6,2.0,37000,新北市,2024-12-05,Nikon Z62 Z6ii 機身 國祥公司貨,http://market.dcview.com/post/459965
Z7,1.0,39000,桃園市,2024-12-05,Nikon zf 平輸 可換z6 z7,http://market.dcview.com/post/459928
Z9,1.0,110000,桃園市,2024-12-04,Nikon Z9,http://market.dcview.com/post/459596
Z7,2.0,46000,新竹市,2024-12-03,Z7 II Z7II,http://market.dcview.com/post/459573
ZF,1.0,46000,新竹縣,2024-12-03,NIKON ZF,http://market.dcview.com/post/459564
Z6,3.0,67000,台南市,2024-12-03,全新 國祥公司貨 NIKON Z6III Z63 單機身 台南可面交 保固兩年,http://market.dcview.com/post/459430
Z6,2.0,42000,台南市,2024-12-03,全新品 NIKON Z6II Z62 單機身 無反 台南可面交 國祥公司貨 保固兩年,http://market.dcview.com/post/459429
Z7,1.0,39000,台中市,2024-12-03,NIKON Z7 過保原廠公司貨 另有 14-24 50 1.2,http://market.dcview.com/post/459359
Z9,1.0,105000,台北市,2024-12-03,Nikon Z9 公司貨,http://market.dcview.com/post/459228
Z30,1.0,20000,新竹縣,2024-12-02,NIKON Z30 16-50 快門不到100,http://market.dcview.com/post/458738
ZF,1.0,51000,桃園市,2024-12-02,Nikon zf 50f1.8s 平輸 合售,http://market.dcview.com/post/458639
ZF,1.0,47000,新竹市,2024-12-01,售 Nikon ZF 機身 保內 2原電、 Megadap 迦百列 ETZ 21 pro 轉接環,http://market.dcview.com/post/458609
Z6,1.0,40000,台中市,2024-12-01,"Nikon z6 ,z24-70,z35,z14-30",http://market.dcview.com/post/458572
Z6,2.0,28000,台南市,2024-12-01,賣Nikon Z6II 公司貨 過保,http://market.dcview.com/post/458511
Z9,1.0,110000,桃園市,2024-11-30,NIKON Z9,http://market.dcview.com/post/458441
Z6,2.0,36500,新北市,2024-11-29,z6ii & z24-120/4s,http://market.dcview.com/post/458300
Z6,3.0,68000,台北市,2024-11-28,售Nikon Z6iii 單機身 原廠公司貨,http://market.dcview.com/post/457903
Z30,1.0,20000,新竹市,2024-11-28,NIKON Z30 16-50 快門不到100,http://market.dcview.com/post/457507
Z5,1.0,26000,新竹縣,2024-11-28,nikon z5 24-50,http://market.dcview.com/post/457424
Z6,2.0,37000,新北市,2024-11-27,售Nikon Z6ii Z62 機身 國祥公司貨,http://market.dcview.com/post/457350
Z6,1.0,24000,台南市,2024-11-27,Nikon z6 單機身 公司貨過保 誠可議 台南面交,http://market.dcview.com/post/457137
D500,1.0,17000,桃園市,2024-11-27,NIKON D500 相機王單機身,http://market.dcview.com/post/456999
ZFC,1.0,26000,新北市,2024-11-27,公司貨 保固內 Nikon ZFc 單機身 紅色 快門數950,http://market.dcview.com/post/456994
Z6,3.0,66000,新北市,2024-11-27,Nikon Z63 Z6 三代 Z6III 快門數3644 公司貨 單機身,http://market.dcview.com/post/456993
Z6,1.0,24500,新北市,2024-11-25,NIKON Z6 過保單機身,http://market.dcview.com/post/456438
Z9,1.0,108000,台北市,2024-11-25,Nikon Z9 公司貨,http://market.dcview.com/post/456322
Z6,2.0,36500,高雄市,2024-11-25,"Nikon Z6II 公司貨(近全新,快門6千多)",http://market.dcview.com/post/456256
ZF,1.0,50000,台北市,2024-11-24,Nikon ZF 公司貨保固中,http://market.dcview.com/post/456086
Z6,2.0,28000,台南市,2024-11-24,賣Nikon Z6II 公司貨 過保,http://market.dcview.com/post/456067
Z6,2.0,42000,台南市,2024-11-24,全新品 NIKON Z6II Z62 單機身 無反 台南可面交 國祥公司貨 保固兩年,http://market.dcview.com/post/456064
ZF,1.0,51000,台北市,2024-11-23,Nikon Zf 公司貨 保固內 近全新,http://market.dcview.com/post/455923
Z6,2.0,28000,台南市,2024-11-22,賣Nikon Z6II 公司貨 過保,http://market.dcview.com/post/455443
Z6,2.0,37000,高雄市,2024-11-22,"Nikon Z6II 公司貨(近全新,快門6千多)",http://market.dcview.com/post/455348
Z9,1.0,115000,新竹市,2024-11-22,售Nikon Z9 公司貨過保,http://market.dcview.com/post/455321
Z6,3.0,66000,台北市,2024-11-22,Nikon Z6iii 公司貨 盒單完整,http://market.dcview.com/post/455318
Z9,1.0,115000,新竹市,2024-11-22,售Nikon Z9 115000,http://market.dcview.com/post/455317
Z6,3.0,67000,台南市,2024-11-22,全新 國祥公司貨 NIKON Z6III 單機身 台南可面交 保固兩年,http://market.dcview.com/post/455312
Z6,2.0,37000,高雄市,2024-11-21,"Nikon Z6II 公司貨(近全新,低快門)",http://market.dcview.com/post/454949
ZF,1.0,38500,新北市,2024-11-21,nikon zf 水貨保固到114/1月中 高快門,http://market.dcview.com/post/454927
ZF,1.0,38500,新北市,2024-11-21,nikon zf 水貨保固到113/1月中 高快門,http://market.dcview.com/post/454922
Z7,2.0,54000,台北市,2024-11-21,【售】Nikon Z7II,http://market.dcview.com/post/454920
D7500,1.0,15000,桃園市,2024-11-21,NIKON D7500 單機身,http://market.dcview.com/post/454919
ZFC,1.0,24000,台中市,2024-11-20,Nikon ZFC 黑色 相機王水貨，保固中,http://market.dcview.com/post/454656
Z6,2.0,37000,高雄市,2024-11-20,"Nikon Z6II 公司貨(近全新,低快門)",http://market.dcview.com/post/454649
D7500,1.0,20000,新竹縣,2024-11-19,D7500 18-140 快門3XXX 公司貨,http://market.dcview.com/post/454574
Z5,1.0,26000,新竹縣,2024-11-19,nikon z5 24-50,http://market.dcview.com/post/454573
Z6,1.0,22000,新北市,2024-11-19,Nikon Z6 公司貨盒裝齊(已過保9成新少用狀況好）一直除濕箱保存,http://market.dcview.com/post/454338
Z6,3.0,68000,台南市,2024-11-18,全新 國祥公司貨 NIKON Z6III 單機身 台南可面交 保固兩年,http://market.dcview.com/post/453910
Z6,1.0,22000,新竹市,2024-11-18,NIKON Z6 公司貨,http://market.dcview.com/post/453905
Z6,2.0,37000,高雄市,2024-11-18,"Nikon Z6II 公司貨(近全新,低快門)",http://market.dcview.com/post/453767
Z6,1.0,24000,台北市,2024-11-16,Nikon Z6 全幅無反相機,http://market.dcview.com/post/453527
Z6,2.0,28000,台南市,2024-11-16,Nikon Z6II 公司貨 過保,http://market.dcview.com/post/453426
Z6,3.0,68500,台南市,2024-11-15,全新 國祥公司貨 NIKON Z6III 單機身 台南可面交 保固兩年,http://market.dcview.com/post/453234
ZF,1.0,50000,台北市,2024-11-15,Nikon ZF 原廠公司貨 保內,http://market.dcview.com/post/453201
D750,1.0,17000,新竹市,2024-11-15,D750 快門6XXX,http://market.dcview.com/post/453182
Z6,2.0,32000,台中市,2024-11-15,Nikon Z6ii Z62,http://market.dcview.com/post/453179
Z7,2.0,57000,台北市,2024-11-15,賣Nikon Z7ii 公司貨,http://market.dcview.com/post/453134
ZF,1.0,40000,新北市,2024-11-15,nikon zf 水貨保固還有2個月 高快門,http://market.dcview.com/post/453127
ZF,1.0,50000,台北市,2024-11-14,Nikon ZF 原廠公司貨 保內,http://market.dcview.com/post/452965
Z6,2.0,38000,高雄市,2024-11-14,"Nikon Z6II 公司貨(近全新,低快門)",http://market.dcview.com/post/452932
Z6,2.0,42000,台南市,2024-11-14,全新品 NIKON Z6II Z62 單機身 無反 台南可面交 國祥公司貨 保固兩年,http://market.dcview.com/post/452900
Z5,1.0,26000,新竹縣,2024-11-13,nikon z5 24-50,http://market.dcview.com/post/452571
D7500,1.0,20000,新竹市,2024-11-13,D7500 18-140 快門3XXX 公司貨,http://market.dcview.com/post/452570
Z6,2.0,38000,高雄市,2024-11-13,"Nikon Z6II 公司貨(近全新,低快門)",http://market.dcview.com/post/452549
Z6,2.0,28000,台南市,2024-11-12,Nikon Z6II 公司貨 過保,http://market.dcview.com/post/452495
Z6,3.0,68000,台南市,2024-11-12,全新 國祥公司貨 NIKON Z6III 單機身 台南可面交 保固兩年,http://market.dcview.com/post/452494
Z6,2.0,28000,台南市,2024-11-12,Nikon Z6II 公司貨 過保,http://market.dcview.com/post/452485
Z9,1.0,110000,台北市,2024-11-12,Nikon Z9 公司貨,http://market.dcview.com/post/452473
Z6,2.0,38000,高雄市,2024-11-12,"Nikon Z6II 公司貨(近全新,低快門)",http://market.dcview.com/post/452380
ZF,1.0,45000,台北市,2024-11-11,Nikon Zf 單機身 平輸保固中,http://market.dcview.com/post/452315
Z9,1.0,115000,台北市,2024-11-11,Nikon Z9 公司貨,http://market.dcview.com/post/452051
Z6,2.0,38000,高雄市,2024-11-11,Nikon Z6II 公司貨,http://market.dcview.com/post/452008
Z6,2.0,38000,高雄市,2024-11-10,Nikon Z6II 公司貨,http://market.dcview.com/post/451952
Z30,1.0,17000,台中市,2024-11-09,Nikon Z30 單機身 公司貨,http://market.dcview.com/post/451778
Z6,3.0,68000,台南市,2024-11-08,全新 國祥公司貨 NIKON Z6III 單機身 台南可面交 保固兩年,http://market.dcview.com/post/451666
Z6,2.0,32000,台中市,2024-11-08,Nikon Z6ii Z62,http://market.dcview.com/post/451558
Z6,3.0,69000,台南市,2024-11-07,全新品 國祥公司貨 NIKON Z6III 單機身 台南可面交 保固兩年,http://market.dcview.com/post/451439
Z6,3.0,67000,高雄市,2024-11-07,Nikon Z6iii 公司貨快門2000 保固一年半,http://market.dcview.com/post/451409
D810,1.0,17000,新北市,2024-11-06,NIKON D810 單機身,http://market.dcview.com/post/451183
D500,1.0,17000,桃園市,2024-11-06,NIKON D500 相機王單機身,http://market.dcview.com/post/451182
Z6,2.0,42000,台南市,2024-11-06,全新品 NIKON Z6II Z62 單機身 無反 台南可面交 國祥公司貨 保固兩年 Z7 Z7II Z8 Z9,http://market.dcview.com/post/451165
Z6,3.0,69000,台南市,2024-11-06,全新品 國祥公司貨 NIKON Z6III 單機身 台南可面交 保固兩年,http://market.dcview.com/post/451092
ZF,1.0,53000,台北市,2024-11-05,Nikon Zf 公司貨 保固內 近全新,http://market.dcview.com/post/450988
Z6,2.0,43000,台南市,2024-11-05,全新品 NIKON Z6II Z62 單機身 無反 台南可面交 國祥公司貨 保固兩年 Z7 Z7II Z8 Z9,http://market.dcview.com/post/450980
Z6,2.0,35000,桃園市,2024-11-05,【售】 Nikon Z6II 有盒有單,http://market.dcview.com/post/450950
Z5,1.0,26000,新竹市,2024-11-05,nikon z5 24-50,http://market.dcview.com/post/450889
D780,1.0,30000,新竹縣,2024-11-05,D780,http://market.dcview.com/post/450888
Z7,2.0,99000,台南市,2024-11-05,全新品 國祥公司貨 NIKON Z8 單機身 無反 台南可面交 保固兩年 Z7 Z7II Z9,http://market.dcview.com/post/450875
Z6,3.0,71000,台南市,2024-11-05,全新品 國祥公司貨 NIKON Z6III z63 單機身 無反 台南可面交 保固兩年 Z7 Z7II Z9,http://market.dcview.com/post/450874
ZF,1.0,56000,台北市,2024-11-03,Nikon ZF 公司貨,http://market.dcview.com/post/450641
Z6,2.0,42000,台南市,2024-11-01,全新品 NIKON Z6II Z62 單機身 無反 台南可面交 國祥公司貨 保固兩年 Z7 Z7II Z8 Z9,http://market.dcview.com/post/450002
D810,1.0,11000,彰化縣,2024-10-28,售NIKON D810,http://market.dcview.com/post/449502
ZF,1.0,53000,新北市,2024-10-28,Nikon Zf 無反相機 | 維護良好 復古美機 單機身 包膜 保固中 配件附贈,http://market.dcview.com/post/449429
Z6,2.0,35000,新北市,2024-10-28,Nikon z6II 單機身水貨,http://market.dcview.com/post/449400
ZF,1.0,54000,新北市,2024-10-28,Nikon ZF 原廠單機身 公司貨 出廠包膜 保內,http://market.dcview.com/post/449354
ZF,1.0,52000,台北市,2024-10-27,Nikon ZF 公司貨保固中 (內文請看清楚!!!!!!),http://market.dcview.com/post/449268
ZF,1.0,55000,新北市,2024-10-27,Nikon ZF 原廠單機身 公司貨 出廠包膜 保內,http://market.dcview.com/post/449227
ZF,1.0,45000,新北市,2024-10-26,Nikkn zf 平輸貨,http://market.dcview.com/post/449192
Z8,1.0,85000,桃園市,2024-10-25,Nikon Z8 (水貨保固中）,http://market.dcview.com/post/449048
ZF,1.0,52000,台北市,2024-10-25,Nikon ZF 公司貨保固中 (內文請看清楚!!!!!!),http://market.dcview.com/post/449000
ZF,1.0,55000,新北市,2024-10-25,Nikon ZF 原廠公司貨 出廠包膜 保內,http://market.dcview.com/post/448964
ZF,1.0,57000,新北市,2024-10-24,Nikon ZF 原廠公司貨 出廠包膜 保內,http://market.dcview.com/post/448860
ZF,1.0,49000,台南市,2024-10-24,Nikon Zf 單機身 平輸 品項新,http://market.dcview.com/post/448441
ZF,1.0,60000,新北市,2024-10-23,Nikon ZF 原廠公司貨 出廠包膜 保內 配件,http://market.dcview.com/post/447642
Z6,1.0,22000,新竹縣,2024-10-22,Nikon Z6 公司貨,http://market.dcview.com/post/447307
D780,1.0,30000,新竹市,2024-10-22,D780,http://market.dcview.com/post/447264
ZF,1.0,60000,新北市,2024-10-22,Nikon ZF 原廠公司貨 出廠包膜 保內 配件,http://market.dcview.com/post/446755
ZF,1.0,62500,新北市,2024-10-21,Nikon ZF & Z28-400 原廠公司貨 出廠包膜 保內 配件,http://market.dcview.com/post/445838
ZF,1.0,62500,新北市,2024-10-21,Nikon ZF & Z28-400 原廠公司貨 出廠包膜 保內 配件,http://market.dcview.com/post/445837
D500,1.0,18000,台北市,2024-10-21,Nikon D500,http://market.dcview.com/post/445119
Z8,1.0,96000,台北市,2024-10-20,Nikon Z8 國祥公司貨，一年內新機,http://market.dcview.com/post/445058
Z5,1.0,16000,新北市,2024-10-20,Nikon Z 5 機身平輸 / Nikon Z 24-70mm F4 S 平輸/Nikon Z 24-200mm 平輸,http://market.dcview.com/post/444986
ZF,1.0,54000,台北市,2024-10-20,售 Nikon ZF 單機身 原廠公司貨,http://market.dcview.com/post/444941
D850,1.0,33000,新北市,2024-10-19,NIKON D850,http://market.dcview.com/post/444884
Z50,1.0,43000,台北市,2024-10-19,Z50 1.2,http://market.dcview.com/post/444396
Z30,1.0,18000,台北市,2024-10-19,NIKON Z30 單機身 公司貨保固內,http://market.dcview.com/post/444286
Z8,1.0,96000,台北市,2024-10-19,Nikon Z8 國祥公司貨，一年內新機,http://market.dcview.com/post/444271
ZF,1.0,46000,台中市,2024-10-18,Nikon ZF 單機身平輸保內,http://market.dcview.com/post/444243
Z50,1.0,43000,台中市,2024-10-18,Z50 1.2,http://market.dcview.com/post/443906
ZFC,1.0,21500,台北市,2024-10-18,Nikon zfc,http://market.dcview.com/post/443430
ZF,1.0,61500,台北市,2024-10-18,Nikon ZF 全新公司貨單機身（2年保固），另贈兩顆EN-EL15電池（含原廠EN-EL15c共3顆），記憶卡，充電器,http://market.dcview.com/post/443241
Z50,1.0,45000,高雄市,2024-10-15,Z50 1.2,http://market.dcview.com/post/442063
Z6,2.0,33800,高雄市,2024-10-15,Nikon Z6II 公司貨保固中(2023年購買),http://market.dcview.com/post/441214
Z8,1.0,97000,高雄市,2024-10-14,Nikon Z8 國祥公司貨,http://market.dcview.com/post/441147
ZF,1.0,47000,台中市,2024-10-14,Nikon zf,http://market.dcview.com/post/441097
Z6,3.0,69000,台南市,2024-10-14,全新品 國祥公司貨 NIKON Z6III z63 單機身 無反 台南可面交 保固兩年 Z7 Z7II Z9,http://market.dcview.com/post/441096
Z8,1.0,95000,台南市,2024-10-13,Nikon Z8 公司貨單機身,http://market.dcview.com/post/440745
ZF,1.0,54000,台中市,2024-10-12,Nikon Zf 公司貨保固內,http://market.dcview.com/post/440686
Z6,3.0,69000,台南市,2024-10-12,全新品 國祥公司貨 NIKON Z6III z63 單機身 無反 台南可面交 保固兩年 Z7 Z7II Z9,http://market.dcview.com/post/440662
ZF,1.0,50000,台中市,2024-10-12,Nikon zf,http://market.dcview.com/post/440661
Z30,1.0,17000,高雄市,2024-10-12,Nikon Z30 單機身 公司貨,http://market.dcview.com/post/440655
ZF,1.0,53000,台北市,2024-10-11,Nikon ZF 公司貨保固中 (內文請看清楚),http://market.dcview.com/post/440545
D7500,1.0,20000,新竹縣,2024-10-11,D7500 18-140 快門<700 水貨,http://market.dcview.com/post/440493
ZF,1.0,59000,台北市,2024-10-10,Nikon ZF 單機身 9.9成新 公司貨 2年保固 贈電池、手柄x2,http://market.dcview.com/post/440373
ZF,1.0,52000,台北市,2024-10-10,Nikon ZF 公司貨保固中 (內文請看清楚),http://market.dcview.com/post/440342
ZF,1.0,56000,台北市,2024-10-10,售 Nikon ZF 單機身 原廠公司貨,http://market.dcview.com/post/440296
ZF,1.0,50000,台中市,2024-10-09,Nikon zf,http://market.dcview.com/post/440241
ZF,1.0,60000,桃園市,2024-10-09,Nikon zf z50f1.8s 合售,http://market.dcview.com/post/440236
Z6,3.0,69000,台南市,2024-10-09,全新品 國祥公司貨 NIKON Z6III z63 單機身 無反 台南可面交 保固兩年 Z7 Z7II Z9,http://market.dcview.com/post/440233
Z8,1.0,85000,台北市,2024-10-09,Nikon Z8 平輸,http://market.dcview.com/post/440209
Z5,1.0,26700,台北市,2024-10-09,Nikon Z5 單機身，低快門數，極新,http://market.dcview.com/post/440205
Z7,2.0,54000,台中市,2024-10-09,nikon z7ii,http://market.dcview.com/post/440204
ZF,1.0,52000,桃園市,2024-10-09,Zf,http://market.dcview.com/post/440174
ZF,1.0,62000,台北市,2024-10-08,Nikon ZF 單機身 9.9成新 公司貨 2年保固 贈電池、手柄x2,http://market.dcview.com/post/439994
ZFC,1.0,27000,彰化縣,2024-10-07,Nikon Zfc 黑色 單機身,http://market.dcview.com/post/439841
ZF,1.0,55000,台北市,2024-10-07,Nikon ZF 公司貨保固中,http://market.dcview.com/post/439808
Z6,3.0,69500,台南市,2024-10-07,全新品 國祥公司貨 NIKON Z6III z63 單機身 無反 台南可面交 保固兩年 Z7 Z7II Z9,http://market.dcview.com/post/439684
ZF,1.0,53000,苗栗縣,2024-10-06,【售】Nikon Zf 公司貨保固內,http://market.dcview.com/post/439642
Z8,1.0,100000,台南市,2024-10-06,NIKON Z8 單機身,http://market.dcview.com/post/439620
Z5,1.0,22000,新北市,2024-10-06,Nikon Z5 平輸,http://market.dcview.com/post/439577
Z6,2.0,34500,高雄市,2024-10-06,Nikon Z6II 公司貨保固中(2023年購買)Z62 24-120,http://market.dcview.com/post/439560
ZF,1.0,53000,高雄市,2024-10-05,售Nikon zf 公司貨 保固內 盒單齊全,http://market.dcview.com/post/439373
Z7,2.0,50000,高雄市,2024-10-05,Nikon Z7II Z7ii Z72,http://market.dcview.com/post/439347
Z6,3.0,69500,台南市,2024-10-04,全新品 國祥公司貨 NIKON Z6III z63 單機身 無反 台南可面交 保固兩年 Z7 Z7II Z9,http://market.dcview.com/post/439249
Z7,2.0,99500,台南市,2024-10-04,全新品 國祥公司貨 NIKON Z8 單機身 無反 台南可面交 保固兩年 Z7 Z7II Z9,http://market.dcview.com/post/439136
Z6,2.0,42000,台南市,2024-10-04,全新品 NIKON Z6II Z62 單機身 無反 台南可面交 國祥公司貨 保固兩年 Z7 Z7II Z8 Z9,http://market.dcview.com/post/439135
Z6,3.0,69500,台南市,2024-10-03,全新品 國祥公司貨 NIKON Z6III z63 單機身 無反 台南可面交 保固兩年 Z7 Z7II Z9,http://market.dcview.com/post/438952
Z6,1.0,22000,台南市,2024-10-01,Nikon Z6 第一代,http://market.dcview.com/post/438707
ZFC,1.0,24000,高雄市,2024-10-01,ZFC(銀)單機身快門數9200,http://market.dcview.com/post/438702
D750,1.0,15000,台中市,2024-10-01,nikon d750 50f1.8 85f1.8,http://market.dcview.com/post/438638
Z6,1.0,18000,桃園市,2024-09-29,NIKON Z6 一代,http://market.dcview.com/post/438302
Z6,2.0,42000,台南市,2024-09-28,全新品 NIKON Z6II Z62 單機身 無反 台南可面交 國祥公司貨 保固兩年 Z7 Z7II Z8 Z9,http://market.dcview.com/post/438147
ZF,1.0,54000,高雄市,2024-09-28,Nikon zf 公司貨 保固內,http://market.dcview.com/post/438099
Z6,2.0,35000,高雄市,2024-09-27,Nikon Z6 II 公司貨保固中(2023年購買),http://market.dcview.com/post/438040
ZF,1.0,56500,台北市,2024-09-27,Nikon ZF 公司貨 保內,http://market.dcview.com/post/437973
Z7,2.0,100000,台南市,2024-09-27,全新品 國祥公司貨 NIKON Z8 單機身 無反 台南可面交 保固兩年 Z7 Z7II Z9,http://market.dcview.com/post/437967
Z5,1.0,25000,新北市,2024-09-26,NIKON Z5 公司貨,http://market.dcview.com/post/437841
Z9,1.0,118000,高雄市,2024-09-26,NIKON Z9,http://market.dcview.com/post/437830
Z6,2.0,42000,台南市,2024-09-26,全新品 NIKON Z6II Z62 單機身 無反 台南可面交 國祥公司貨 保固兩年 Z7 Z7II Z8 Z9,http://market.dcview.com/post/437827
Z7,2.0,43000,桃園市,2024-09-25,【售】 Nikon Z7ii 水世界 水貨 有盒有單 過保,http://market.dcview.com/post/437643
D5,1.0,60000,台中市,2024-09-25,水貨 nikon d5 CF卡版,http://market.dcview.com/post/437598
D500,1.0,23000,高雄市,2024-09-24,公司貨 nikon d500,http://market.dcview.com/post/437548
ZF,1.0,56500,台北市,2024-09-24,Nikon ZF 公司貨保內,http://market.dcview.com/post/437506
Z6,3.0,70000,台南市,2024-09-24,全新品 國祥公司貨 NIKON Z6III z63 單機身 無反 台南可面交 保固兩年 Z7 Z7II Z9,http://market.dcview.com/post/437416
Z8,1.0,90000,高雄市,2024-09-24,Z8,http://market.dcview.com/post/437412
Z7,2.0,100000,台南市,2024-09-23,全新品 國祥公司貨 NIKON Z8 單機身 無反 台南可面交 保固兩年 Z7 Z7II Z9,http://market.dcview.com/post/437285
D7500,1.0,22000,新竹市,2024-09-21,D7500 18-140 快門<700 公司貨,http://market.dcview.com/post/436942
D7500,1.0,20000,新竹市,2024-09-21,D7500 18-140 快門<700 水貨,http://market.dcview.com/post/436941
ZF,1.0,56600,台北市,2024-09-21,Nikon ZF 公司貨 單機身 保固中,http://market.dcview.com/post/436913
Z6,1.0,22000,台中市,2024-09-21,Nikon Z6 公司貨,http://market.dcview.com/post/436836
ZF,1.0,57000,台北市,2024-09-20,Nikon ZF 公司貨保固中,http://market.dcview.com/post/436828
Z6,3.0,71500,台南市,2024-09-20,全新品 國祥公司貨 NIKON Z6III z63 單機身 無反 台南可面交 保固兩年 Z7 Z7II Z9,http://market.dcview.com/post/436778
Z8,1.0,91000,高雄市,2024-09-20,Z8,http://market.dcview.com/post/436702
ZF,1.0,57000,台北市,2024-09-19,Nikon ZF 公司貨,http://market.dcview.com/post/436615
Z8,1.0,92000,台中市,2024-09-19,Z8,http://market.dcview.com/post/436528
Z6,3.0,71500,台南市,2024-09-18,全新品 國祥公司貨 NIKON Z6III z63 單機身 無反 台南可面交 保固兩年 Z7 Z7II Z9,http://market.dcview.com/post/436468
ZF,1.0,57500,台北市,2024-09-18,Nikon ZF 公司貨,http://market.dcview.com/post/436441
ZF,1.0,48000,高雄市,2024-09-18,二手 Nikon ZF 單機身 平行輸入 保固內 快門數859 尼康 z f,http://market.dcview.com/post/436396
Z6,3.0,71500,台南市,2024-09-18,全新品 國祥公司貨 NIKON Z6III z63 單機身 無反 台南可面交 保固兩年 Z7 Z7II Z9,http://market.dcview.com/post/436339
Z8,1.0,92000,高雄市,2024-09-17,Z8,http://market.dcview.com/post/436285
Z8,1.0,92000,高雄市,2024-09-17,Nikon z8,http://market.dcview.com/post/436186
Z7,2.0,47000,新北市,2024-09-16,Nikon z7 ii 公司貨,http://market.dcview.com/post/436134
Z6,2.0,33000,台南市,2024-09-16,Nikon Z6II 公司貨,http://market.dcview.com/post/435975
Z8,1.0,93000,高雄市,2024-09-15,Z8,http://market.dcview.com/post/435949
ZF,1.0,60300,台中市,2024-09-15,Nikon 尼康 ZF 單機身 全新 公司貨,http://market.dcview.com/post/435881
Z6,3.0,75000,台南市,2024-09-15,Nikon z6iii z63 公司貨 已貼LG膜,http://market.dcview.com/post/435822
Z6,2.0,36000,新北市,2024-09-14,Nikon Z6ii 單機身 國祥公司貨,http://market.dcview.com/post/435711
Z9,1.0,105000,台南市,2024-09-12,NIKON Z9,http://market.dcview.com/post/435425
Z30,1.0,12600,台中市,2024-09-11,Nikon Z30 公司貨過保,http://market.dcview.com/post/435218
Z6,3.0,90000,新北市,2024-09-10,Nikon Z8 or Z6iii 國祥公司貨,http://market.dcview.com/post/435108
D750,1.0,17000,新竹市,2024-09-09,D750 快門17XXX,http://market.dcview.com/post/434920
Z9,1.0,118000,高雄市,2024-09-09,NIKON Z9,http://market.dcview.com/post/434893
D7500,1.0,15000,新北市,2024-09-08,Nikon D7500,http://market.dcview.com/post/434705
Z30,1.0,14000,桃園市,2024-09-07,售 z30 單機身,http://market.dcview.com/post/434570
Z7,2.0,45000,高雄市,2024-09-05,nikon Z72 Z7II 柯隆水貨單機身盒裝齊,http://market.dcview.com/post/434281
ZF,1.0,56800,新竹縣,2024-09-04,ZF 公司貨 新品未拆封,http://market.dcview.com/post/434008
Z7,2.0,53000,高雄市,2024-09-03,Z7II,http://market.dcview.com/post/433801
D750,1.0,15000,新北市,2024-09-02,NIKON D750 機身(公司貨過保),http://market.dcview.com/post/433641
ZF,1.0,59000,台北市,2024-09-02,Nikon ZF 單機身 (公司貨),http://market.dcview.com/post/433640
Z8,1.0,90000,台北市,2024-09-01,Nikon Z8（平輸保固內,http://market.dcview.com/post/433496
Z7,2.0,48000,新北市,2024-09-01,Nikon Z7ii,http://market.dcview.com/post/433408
ZF,1.0,58000,新竹縣,2024-08-31,ZF 公司貨 新品未拆封,http://market.dcview.com/post/433340
D750,1.0,12000,基隆市,2024-08-31,Nikon D750,http://market.dcview.com/post/433297
Z7,2.0,53000,高雄市,2024-08-29,Z7ii z72,http://market.dcview.com/post/433021
ZF,1.0,52000,新竹市,2024-08-29,Nikon ZF 單機身 公司貨,http://market.dcview.com/post/432982
ZF,1.0,53000,新竹市,2024-08-28,Nikon ZF 單機身 公司貨 近全新,http://market.dcview.com/post/432830
ZF,1.0,61000,台北市,2024-08-28,Nikon ZF 單機身 (公司貨),http://market.dcview.com/post/432818
Z30,1.0,15000,新北市,2024-08-28,Z30 保固中,http://market.dcview.com/post/432816
ZF,1.0,55000,新竹市,2024-08-27,Nikon ZF 單機身 公司貨 保固內,http://market.dcview.com/post/432636
D750,1.0,13000,台北市,2024-08-25,NIKON D750,http://market.dcview.com/post/432385
Z7,2.0,53000,台南市,2024-08-25,NIKON Z7II 德寶購買剛過保，平行輸入2023年中購入,http://market.dcview.com/post/432235
Z50,1.0,12000,高雄市,2024-08-25,Z50 1.8,http://market.dcview.com/post/432207
ZFC,1.0,21000,高雄市,2024-08-24,"【售】Nikon z fc 機身, z 12-28mm鏡頭, z 18-140mm鏡頭, z 28mm鏡頭〔銀環特別版〕",http://market.dcview.com/post/432079
ZF,1.0,58000,新竹縣,2024-08-23,ZF 公司貨 新品未拆封,http://market.dcview.com/post/431885
Z6,2.0,34000,台北市,2024-08-21,Nikon z6ii 單機 公司貨過保,http://market.dcview.com/post/431670
Z6,2.0,37000,桃園市,2024-08-20,【售】 Nikon Z6II 有盒有單,http://market.dcview.com/post/431412
Z6,2.0,40000,桃園市,2024-08-20,Nikon Z6II 機身,http://market.dcview.com/post/431385
Z8,1.0,91000,台中市,2024-08-20,Nikon Z8 公司貨 保固 2026/05,http://market.dcview.com/post/431315
Z50,1.0,12000,高雄市,2024-08-19,Z50 1.8,http://market.dcview.com/post/431280
ZF,1.0,61000,台北市,2024-08-18,Nikon ZF 單機身 9.9成新 公司貨 2年保固 全片幅微單眼,http://market.dcview.com/post/431066
ZF,1.0,61000,台北市,2024-08-18,Nikon ZF 單機身 9.9成新 公司貨 2年保固 全片幅微單眼,http://market.dcview.com/post/431056
D500,1.0,24000,嘉義市,2024-08-18,nikon D500,http://market.dcview.com/post/431014
D800,1.0,12000,新竹縣,2024-08-18,NIKON D800 快門14萬多,http://market.dcview.com/post/430947
ZF,1.0,58000,新竹縣,2024-08-18,ZF 公司貨 新品未拆封,http://market.dcview.com/post/430940
Z8,1.0,100000,台中市,2024-08-17,Nikon Z8 公司貨保固中,http://market.dcview.com/post/430850
ZF,1.0,52000,台中市,2024-08-17,全新Nikon Zf 單機身 52000$/全新NIKKOR Z 40mm F2 SE 7000$,http://market.dcview.com/post/430774
Z30,1.0,15000,桃園市,2024-08-17,售 Nikon z30,http://market.dcview.com/post/430765
ZF,1.0,49000,新北市,2024-08-17,Nikon zf,http://market.dcview.com/post/430758
Z50,1.0,12000,高雄市,2024-08-16,Z50 1.8,http://market.dcview.com/post/430664
ZF,1.0,54000,台中市,2024-08-16,全新Nikon Zf 單機身 54000$/全新NIKKOR Z 40mm F2 SE 7000$,http://market.dcview.com/post/430573
Z7,1.0,45000,桃園市,2024-08-14,【售】NIKON Z7 II單機身 國祥公司貨過保,http://market.dcview.com/post/430342
Z7,2.0,108000,台南市,2024-08-14,全新品 國祥公司貨 NIKON Z8 單機身 無反 台南可面交 保固兩年 Z7 Z7II Z9,http://market.dcview.com/post/430280
ZF,1.0,58000,台中市,2024-08-14,Nikon ZF 全新,http://market.dcview.com/post/430152
Z50,1.0,12000,高雄市,2024-08-13,Nikon Z50 1.8,http://market.dcview.com/post/429988
ZF,1.0,60000,新竹縣,2024-08-12,ZF 公司貨 新品未拆封,http://market.dcview.com/post/429905
Z7,2.0,56000,台北市,2024-08-12,NIKON Z7 II 單機身/平行輸入 相機王購入 快門數低,http://market.dcview.com/post/429832
Z8,1.0,92000,桃園市,2024-08-11,Nikon Z8,http://market.dcview.com/post/429593
Z8,1.0,90000,台中市,2024-08-11,Nikon Z8 公司貨,http://market.dcview.com/post/429592
ZF,1.0,54000,新北市,2024-08-09,【售】 nikon ZF 保內公司貨 雙原電 雙副電快充盒,http://market.dcview.com/post/429432
Z7,2.0,56000,台北市,2024-08-09,NIKON Z7 II 單機身/平行輸入 快門數低 外觀佳,http://market.dcview.com/post/429363
D810,1.0,14500,台中市,2024-08-06,NIKON D810,http://market.dcview.com/post/428873
D800,1.0,12000,台北市,2024-08-06,NIKON D800,http://market.dcview.com/post/428859
Z7,2.0,53000,台北市,2024-08-06,Nikon Z7ii 盒裝配件齊全 相機王購入水貨,http://market.dcview.com/post/428841
ZF,1.0,60000,新竹縣,2024-08-06,ZF 公司貨 新品未拆封,http://market.dcview.com/post/428764
Z8,1.0,98000,桃園市,2024-08-03,Nikon Z8,http://market.dcview.com/post/428282
ZF,1.0,60000,新竹市,2024-08-02,ZF 公司貨 新品未拆封,http://market.dcview.com/post/428150
Z7,2.0,56800,台北市,2024-08-02,Nikon Z7ii 盒裝配件齊全,http://market.dcview.com/post/428131
Z6,2.0,34000,新北市,2024-08-01,Nikon z6ii 單機 公司貨過保,http://market.dcview.com/post/428009
Z8,1.0,100000,桃園市,2024-08-01,Nikon Z8,http://market.dcview.com/post/428004
Z7,2.0,60000,台中市,2024-08-01,Nikon Z7ii,http://market.dcview.com/post/427986
Z7,2.0,63000,台中市,2024-07-31,nikon z7ii 公司貨,http://market.dcview.com/post/427888
Z6,1.0,22000,桃園市,2024-07-31,Z6,http://market.dcview.com/post/427837
Z8,1.0,100000,桃園市,2024-07-29,Z8,http://market.dcview.com/post/427531
Z8,1.0,100000,桃園市,2024-07-29,Nikon Z8,http://market.dcview.com/post/427347
D500,1.0,24000,台北市,2024-07-28,D500 單機身 公司貨,http://market.dcview.com/post/427344
Z6,2.0,39000,新北市,2024-07-28,Nikon Z6ii 單機身（過保公司貨）,http://market.dcview.com/post/427343
Z6,1.0,25000,高雄市,2024-07-28,NIKON Z6,http://market.dcview.com/post/427284
Z6,2.0,28000,台中市,2024-07-27,Nikon Z6ii 單機身,http://market.dcview.com/post/427135
Z8,1.0,105000,桃園市,2024-07-26,Nikon Z8,http://market.dcview.com/post/426868
Z6,2.0,30000,台中市,2024-07-25,Nikon Z6ii 單機身,http://market.dcview.com/post/426845
Z6,1.0,24000,新北市,2024-07-25,NIKON Z6 單機身 /Z40 mm/ wise CF-B 128,http://market.dcview.com/post/426764
D5,1.0,62000,台北市,2024-07-25,Nikon D5,http://market.dcview.com/post/426690
Z6,1.0,25000,台中市,2024-07-25,NIKON Z6 單機身 ZTF一代轉接環 公司貨過保,http://market.dcview.com/post/426689
Z6,1.0,15500,台北市,2024-07-22,Nikon Z6，公司貨，已過保,http://market.dcview.com/post/426228
D750,1.0,16000,台北市,2024-07-22,NIKON D750 單機身 公司貨,http://market.dcview.com/post/426154
Z8,1.0,105000,桃園市,2024-07-20,售Nikon Z8,http://market.dcview.com/post/425871
Z8,1.0,93000,嘉義市,2024-07-18,Nikon Z8,http://market.dcview.com/post/425518
Z8,1.0,95000,嘉義市,2024-07-17,Nikon Z8,http://market.dcview.com/post/425334
Z6,1.0,25000,高雄市,2024-07-16,nikon z6 公司貨,http://market.dcview.com/post/425102
ZFC,1.0,27000,台南市,2024-07-14,Nikon Zfc Body,http://market.dcview.com/post/424770
Z5,1.0,41000,新北市,2024-07-13,Nikon Z5 機身 & nikon z 28-75mm f2.8 平行輸入 快門數3496,http://market.dcview.com/post/424581
Z6,2.0,35000,台中市,2024-07-12,Z6 II 相機王水貨過保,http://market.dcview.com/post/424404
ZF,1.0,52500,高雄市,2024-07-10,Nikon ZF 單機身,http://market.dcview.com/post/423986
Z6,2.0,39800,台中市,2024-07-08,Z6ii 機身 公司貨保固至2016／3月底,http://market.dcview.com/post/423746
Z30,1.0,17000,桃園市,2024-07-08,賣 z30 單機身,http://market.dcview.com/post/423717
ZF,1.0,59000,高雄市,2024-07-06,Nikon zf 只用10天 7/6一日價格,http://market.dcview.com/post/423383
Z6,2.0,35000,台中市,2024-07-05,Nikon Z6II 公司貨機身 已過保 快門數48087,http://market.dcview.com/post/423240
Z6,2.0,38000,台北市,2024-07-04,Nikon Z6 ii,http://market.dcview.com/post/423089
D810,1.0,16000,桃園市,2024-07-04,【售】 Nikon D810 無盒無單,http://market.dcview.com/post/423021
D800,1.0,12000,新北市,2024-07-04,D800E 公,http://market.dcview.com/post/423012
D5,1.0,50000,新北市,2024-07-04,NIKON D5 XQD 公,http://market.dcview.com/post/423010
D750,1.0,14000,台北市,2024-07-04,NIKON D750,http://market.dcview.com/post/422986
ZF,1.0,70000,台南市,2024-07-04,售或換Nikon ZF & Z40mm SE,http://market.dcview.com/post/422922
Z5,1.0,20000,台北市,2024-07-03,NIKON Z5 公司貨盒單齊全 全片幅,http://market.dcview.com/post/422770
Z6,2.0,37000,台中市,2024-07-02,Nikon z6ii 公司貨,http://market.dcview.com/post/422699
D850,1.0,53000,台中市,2024-07-02,NIKON D850 公司貨 低快門,http://market.dcview.com/post/422682
D5,1.0,50000,新北市,2024-07-02,D5 XQD 公司貨,http://market.dcview.com/post/422616
Z6,2.0,34000,新北市,2024-07-02,Nikon Z6ii 單機身,http://market.dcview.com/post/422594
Z7,2.0,60000,桃園市,2024-07-02,Nikon Z7II （公司貨）,http://market.dcview.com/post/422560
Z6,1.0,15500,台北市,2024-07-01,Nikon Z6，公司貨，已過保,http://market.dcview.com/post/422479
D850,1.0,54000,台中市,2024-07-01,NIKON D850 公司貨 低快門,http://market.dcview.com/post/422477
Z6,1.0,15500,台北市,2024-07-01,Nikon Z6，公司貨，已過保,http://market.dcview.com/post/422388
Z7,1.0,26500,台北市,2024-07-01,Nikon Z7，公司貨，已過保,http://market.dcview.com/post/422387
Z5,1.0,22000,桃園市,2024-07-01,Nikon Z5 單機身 平輸過保 盒單在 贈記憶卡,http://market.dcview.com/post/422363
Z7,2.0,60000,新北市,2024-06-29,尼康 Nikon z7ii 低快門近全新,http://market.dcview.com/post/422082
Z6,1.0,19000,新北市,2024-06-29,nikon z6 公司貨 如新,http://market.dcview.com/post/422068
D850,1.0,54000,台中市,2024-06-29,NIKON D850 公司貨低快門,http://market.dcview.com/post/422049
D850,1.0,55000,台中市,2024-06-28,NIKON D850 公司貨低快門,http://market.dcview.com/post/421958
Z8,1.0,95000,台北市,2024-06-28,Nikon Z8 保內公司貨,http://market.dcview.com/post/421910
D500,1.0,23000,新竹縣,2024-06-27,NIKON D500,http://market.dcview.com/post/421805
D850,1.0,55000,台中市,2024-06-26,NIKON D850 公司貨低快門,http://market.dcview.com/post/421637
Z6,1.0,28000,台北市,2024-06-26,Nikon z6 一代 單機身 公司貨有包膜 快門數3457 附128G記憶卡,http://market.dcview.com/post/421615
D6,1.0,90000,台北市,2024-06-26,D6 公司貨 降價,http://market.dcview.com/post/421600
D850,1.0,55000,台中市,2024-06-26,NIKON D850 公司貨低快門,http://market.dcview.com/post/421467
D810,1.0,20000,高雄市,2024-06-25,售 Nikon D810,http://market.dcview.com/post/421454
Z5,1.0,45000,新北市,2024-06-25,Nikon Z5 機身 & nikon z 28-75mm f2.8 平行輸入 快門數3496,http://market.dcview.com/post/421418
D810,1.0,17500,台北市,2024-06-25,公司貨盒裝 NIKON D810,http://market.dcview.com/post/421373
D850,1.0,55000,台中市,2024-06-24,NIKON D850 公司貨低快門,http://market.dcview.com/post/421288
Z6,1.0,26000,新北市,2024-06-24,Nikon Z6 一代 單機身 公司貨 快門數1萬,http://market.dcview.com/post/421222
Z7,2.0,56500,高雄市,2024-06-22,Nikon Z7ii 公司貨 機身跟螢幕兩個都有貼膜保護貼,http://market.dcview.com/post/420835
D850,1.0,40000,新北市,2024-06-22,Nikon d850,http://market.dcview.com/post/420829
Z6,2.0,41000,台北市,2024-06-21,Nikon Z6 ii,http://market.dcview.com/post/420645
ZF,1.0,56000,台北市,2024-06-21,ZF 公司貨 保固內,http://market.dcview.com/post/420616
ZF,1.0,59000,新北市,2024-06-20,Nikon Zf 單機身 公司貨,http://market.dcview.com/post/420501
Z6,2.0,40000,桃園市,2024-06-19,Nikon Z6ii 單機身,http://market.dcview.com/post/420441
D750,1.0,37000,台南市,2024-06-19,Nikon D750、永諾35/2、Nikon 50/1.8D、Nikon 85/1.8G、Nikon 24-120/4、Tamron 24-70/2.8,http://market.dcview.com/post/420418
ZF,1.0,58000,台北市,2024-06-19,ZF 公司貨 保固內,http://market.dcview.com/post/420414
Z7,1.0,29500,台北市,2024-06-19,Nikon Z7，公司貨，已過保,http://market.dcview.com/post/420381
Z6,1.0,17500,台北市,2024-06-19,Nikon Z6，公司貨，已過保,http://market.dcview.com/post/420380
D500,1.0,26000,嘉義市,2024-06-18,NIKON D500,http://market.dcview.com/post/420236
ZF,1.0,58000,台北市,2024-06-18,ZF 公司貨 保固內,http://market.dcview.com/post/420205
D5600,1.0,20000,新北市,2024-06-15,Nikon D5600,http://market.dcview.com/post/419737
Z5,1.0,21000,新北市,2024-06-15,Nikon Z5 公司貨,http://market.dcview.com/post/419728
Z6,1.0,30000,台中市,2024-06-14,Nikon Z6 一代 公司貨,http://market.dcview.com/post/419656
D750,1.0,13000,彰化縣,2024-06-13,【售 】NIKON D750 DSLR 單眼相機公司貨無盒單全片幅FF,http://market.dcview.com/post/419511
Z6,1.0,18000,台北市,2024-06-13,Nikon Z6 單機身 相機王水貨過保,http://market.dcview.com/post/419428
Z5,1.0,22000,高雄市,2024-06-13,Nikon z5,http://market.dcview.com/post/419419
D750,1.0,13000,台中市,2024-06-12,NIKON D750 快門22000 非問題序號,http://market.dcview.com/post/419261
Z6,2.0,44000,台北市,2024-06-12,Nikon Z6ii,http://market.dcview.com/post/419250
Z5,1.0,24000,彰化縣,2024-06-11,Z5 平輸過保,http://market.dcview.com/post/419150
Z6,1.0,22000,高雄市,2024-06-10,Nikon Z6 單機身（平輸),http://market.dcview.com/post/418857
Z7,1.0,39500,高雄市,2024-06-07,Nikon Z7 公司貨全機及螢幕包膜貼保護貼 歡迎面交,http://market.dcview.com/post/418413
Z5,1.0,22000,高雄市,2024-06-07,Nikon z5 機身 z24-200 z40mm 鏡頭,http://market.dcview.com/post/418375
Z6,2.0,39000,高雄市,2024-06-06,Nikon Z6ii 公司貨保內,http://market.dcview.com/post/418235
