is_single_product,model,brand,shotcount,title,price,trade_type,status,region,date,user,link,success
True,Z70-180F2.8,Nikon,,Nikon Z 70-180 f2.8 公司貨,28000,sell,,桃園市,2026-01-07,aaronchen123,http://market.dcview.com/post/508886,True
True,AF-S DX Micro 85mm f/3.5G,Nikon,,Nikon AF-S DX Micro 85mm f/3.5G,15000,buy,,台南市,2026-01-07,chingan1728,http://market.dcview.com/post/508884,True
True,Z24-70F4,Nikon,,NIKON Z 24-70mm F4 S 公司貨/ (Z 24-70 mm F4)(Z24-70mm f4)(Z24-70 mm F4),12000,sell,,新北市,2026-01-07,smallshot,http://market.dcview.com/post/508882,True
True,Z6,Nikon,,NIKON Z6 機身 公司貨,20000,sell,,新北市,2026-01-07,smallshot,http://market.dcview.com/post/508881,True
True,Z5,Nikon,,【徵】Nikon ZF 低快門 公司貨,40000,buy,,台北市,2026-01-07,苦命社畜,http://market.dcview.com/post/508880,True
True,Z24-70F4,Nikon,,收 Nikon z 24-70 f4 s,11000,buy,,台北市,2026-01-07,aa292910,http://market.dcview.com/post/508879,True
True,Unknown,Unknown,,美月夢華坊｜東京出張｜大阪出張服務泡泡浴,35000,sell,,台北市,2026-01-07,tg525c89366,http://market.dcview.com/post/508877,True
True,Z 100-400mm F4.5-5.6 VR S,Nikon,,NIKKOR Z 100-400mm F4.5-5.6 VR S,60000,sell,,台北市,2026-01-07,惡使,http://market.dcview.com/post/508865,True
True,Z24-70F2.8,Nikon,,NIKON 24-70 F2.8G,13000,sell,,新竹縣,2026-01-07,lis250,http://market.dcview.com/post/508843,True
True,Z 35mm F1.8,Nikon,,NIKON Z 35mm F1.8 (公司貨) / Z 35 mm F1.8,16000,sell,,新北市,2026-01-07,smallshot,http://market.dcview.com/post/508834,True
True,Z6III,Nikon,,Nikon Z6III 機身 公司貨,47000,sell,,桃園市,2026-01-07,lowlence,http://market.dcview.com/post/508833,True
True,Z 24-70mm F4 S,Nikon,,8.Nikon Z 24-70mm F4 S (水貨) /,8000,sell,,新北市,2026-01-07,keyden,http://market.dcview.com/post/508828,True
True,14-24mm,Nikon,,NIKON 14-24 AF-S NIKKOR 14-24mm f/2.8G ED,16000,sell,,新竹市,2026-01-07,sallychan,http://market.dcview.com/post/508799,True
True,300mm F4 PF,Nikon,,Nikon 300mm F4 PF,28000,sell,,新北市,2026-01-07,LoveEase,http://market.dcview.com/post/508786,True
True,Zf,Nikon,,Nikon zf 保內 單機身,39000,sell,,嘉義市,2026-01-07,kzmh69,http://market.dcview.com/post/508785,True
True,500mm F8,Nikon,,Nikon Reflex-Nikkor 500mm F8 橘線版 反射鏡 定焦鏡 甜甜圈鏡頭,8000,sell,,台北市,2026-01-07,linhof888,http://market.dcview.com/post/508783,True
True,Z50F1.8,Nikon,,【小吳日常】50mm F4 酒紅鏡頭 For Nikon Z 卡口 微距鏡 高解像力 手動對焦,1199,sell,,桃園市,2026-01-07,小吳日常,http://market.dcview.com/post/508782,True
True,F,Nikon,,【小吳日常】黑胡桃木 餅乾鏡頭 For Nikon F 卡口 相機 底片感 即可拍 泛焦 街拍 含保固,990,sell,,桃園市,2026-01-07,小吳日常,http://market.dcview.com/post/508778,True
True,Z24-70F4,Nikon,,【小吳日常】黑胡桃木 餅乾鏡頭 For Nikon Z 卡口 相機 底片感 即可拍 泛焦 街拍 含保固,990,sell,,桃園市,2026-01-07,小吳日常,http://market.dcview.com/post/508777,True
True,Z24-200F4-6.3VR,Nikon,,1.Nikon Z 24-200mm F4-6.3 VR (公司貨),17500,sell,,新北市,2026-01-06,keyden,http://market.dcview.com/post/508734,True
True,Z105,Nikon,,Z105 MACRO 水貨盒裝,19000,sell,,新竹縣,2026-01-06,lis250,http://market.dcview.com/post/508709,True
False,"Z70-180, Z70-180",Nikon,,Z 70-180 Z70-180 公司貨,28000,sell,,新竹縣,2026-01-06,lis250,http://market.dcview.com/post/508708,True
False,"Z14-24 F2.8S, 95MM STC",Nikon,,Z14-24 F2.8S 過保公司+95MM STC,45000,sell,,新竹市,2026-01-06,lis250,http://market.dcview.com/post/508707,True
True,F14-24F2.8G,Nikon,,14-24 F2.8G 水貨盒裝,18000,sell,,新竹市,2026-01-06,lis250,http://market.dcview.com/post/508706,True
True,Z24-200,Unknown,,Z24-200 過保固公司,17000,sell,,新竹市,2026-01-06,lis250,http://market.dcview.com/post/508705,True
True,Z6II,Nikon,23000,Z6II 水貨盒裝 快門23XXX,30000,sell,,新竹市,2026-01-06,lis250,http://market.dcview.com/post/508704,True
True,Z7,Nikon,120000,Z7 公司快門12萬盒裝,30000,sell,,新竹市,2026-01-06,lis250,http://market.dcview.com/post/508703,True
True,20-35F2.8,Nikon,,NIKON 20-35 F2.8 鑽石廣角,12500,sell,,新竹市,2026-01-06,lis250,http://market.dcview.com/post/508702,True
True,Z9,Nikon,,NIKON Z9,82000,sell,,高雄市,2026-01-05,menqyow,http://market.dcview.com/post/508670,True
True,Z 50mm F1.2S,Nikon,,Nikon Z 50mm F1.2S 定焦鏡,35791,buy,sold,高雄市,2026-01-05,Dylan12121212,http://market.dcview.com/post/508669,True
True,Z 28-75 f2.8,Nikon,,Nikon Z 28-75 f2.8 平輸,18000,sell,,桃園市,2026-01-05,aaronchen123,http://market.dcview.com/post/508661,True
True,Z24-70F4,Nikon,,收 Nikon z 24-70 f4 s,9500,buy,,新竹縣,2026-01-05,hsc79,http://market.dcview.com/post/508651,True
True,TZM-02,天工,,【售】天工 自動環 TZM-02 近全新,7680,sell,sold,新北市,2026-01-05,阿佑Ayo,http://market.dcview.com/post/508610,True
True,"Zfc, Z28mm SE",Nikon,4000,Nikon ZFC + Z 28mm SE 銀色 公司貨 快門4xxx,25500,sell,,新北市,2026-01-05,Jason255,http://market.dcview.com/post/508608,True
True,D810,Nikon,1000,D810 水貨快門一千多,25000,sell,,新竹市,2026-01-05,lis250,http://market.dcview.com/post/508591,True
True,Z DX 24mm F1.7,Nikon,,Nikon Z DX 24mm F1.7 (公司貨),7500,sell,,台北市,2026-01-05,m11250,http://market.dcview.com/post/508581,True
True,AF-S 85mm f/1.8G,Nikon,,尼康 Nikon AF-S 85mm f/1.8G 大光圈定焦人像鏡頭,6900,sell,,彰化縣,2026-01-04,kincheer,http://market.dcview.com/post/508557,True
True,50 1.4 DG HSM,SIGMA,,售 SIGMA 50 1.4 DG HSM FOR NIKON,3500,sell,sold,新竹縣,2026-01-04,阿維AWEI,http://market.dcview.com/post/508555,True
False,Unknown,Unknown,,高價收購相機~高價收購鏡頭~就在優酷3C,0,buy,,台北市,2026-01-04,龔小咪,http://market.dcview.com/post/508548,True
True,35-150mm F2-2.8,Tamron,,Tamron 35-150mm F2-2.8 (A058)《Nikon Z接環》俊毅公司貨,43000,sell,,台南市,2026-01-04,index5999,http://market.dcview.com/post/508539,True
True,D4S,Nikon,,NIKON D4S,23000,sell,,台南市,2026-01-04,index5999,http://market.dcview.com/post/508538,True
True,Z5,Nikon,,Z5 非常新 可搭購FTZ1代,17500,sell,sold,新竹縣,2026-01-04,阿維AWEI,http://market.dcview.com/post/508523,True
True,"Micro-Nikkor 55mm F3.5, Z40",Nikon,,"NIKON MICRO-NIKKOR 55mm F3.5, HB-8, Z40金屬鏡尾",1500,sell,,台北市,2026-01-04,nick.peng,http://market.dcview.com/post/508518,True
True,85mm f1.8g,Nikon,,Nikon 85mm f1.8g,6000,sell,sold,台中市,2026-01-04,JACK小強,http://market.dcview.com/post/508508,True
True,Z 24-120mm f4 S,Nikon,,Nikon Z 24-120mm f4 S,25000,buy,,台南市,2026-01-04,HankKKuo,http://market.dcview.com/post/508502,True
True,Z26mmF2.8,Nikon,,徵Nikon z 26mm f2.8,10000,buy,,新北市,2026-01-04,Malchief,http://market.dcview.com/post/508497,True
True,Z24-70F2.8,Nikon,,Tokina 11-16mm F2.8 (IF) DXII for NIKON,3000,buy,,台南市,2026-01-04,JIJAN,http://market.dcview.com/post/508488,True
True,V1,Godox,,Godox神牛 V1 閃光燈 for nikon,3000,sell,,彰化縣,2026-01-04,Sito,http://market.dcview.com/post/508485,True
False,"Z6II, Z24-70F4",Nikon,,Nikon z6 KIT + FTZ + Nikkor Z 24-70mm f/4 S,33500,sell,,新北市,2026-01-03,楊Peter,http://market.dcview.com/post/508459,True
True,D750,Nikon,,d750,13000,sell,,新竹市,2026-01-03,lis250,http://market.dcview.com/post/508446,True
True,D810,Nikon,,d810 公司 快門2xxxx,22000,sell,,新竹市,2026-01-03,lis250,http://market.dcview.com/post/508445,True
True,20MM 1.8G,Nikon,,NIKON 20MM 1.8G,10000,sell,,新竹縣,2026-01-03,lis250,http://market.dcview.com/post/508441,True
True,20-35F2.8,Nikon,,NIKON 20-35 F2.8 鑽石廣角,12500,sell,,新竹市,2026-01-03,lis250,http://market.dcview.com/post/508440,True
True,Z70-200F2.8VR,Nikon,,NIKKOR Z 70-200mm F2.8 VR S,47000,sell,,新北市,2026-01-03,hua273,http://market.dcview.com/post/508400,True
True,Z6II,Nikon,,Nikon Z6ii Z6 2代 單機身 2電池,26500,sell,sold,桃園市,2026-01-03,shangjon,http://market.dcview.com/post/508398,True
False,"Z6II, 28-75",Nikon,,"Nikon Z6II, 28-75, FTZII 相機與配件出售，整套打包",55000,sell,,新竹縣,2026-01-03,naladiekat,http://market.dcview.com/post/508384,True
True,50mm F1.4 DG HSM Art,Nikon,,SIGMA 50mm F1.4 DG HSM Art版 Nikon專用,9300,sell,sold,彰化縣,2026-01-02,kincheer,http://market.dcview.com/post/508365,True
True,10mm f2.8,Nikon,,NIKON 10mm f2.8,1500,buy,sold,桃園市,2026-01-02,拉過來,http://market.dcview.com/post/508359,True
False,Unknown,Unknown,,高價收購相機~高價收購鏡頭~就在優酷3C,0,buy,,台北市,2026-01-02,龔小咪,http://market.dcview.com/post/508358,True
True,P1100,Nikon,,NIKON P1100 公司貨,24000,sell,,台南市,2026-01-02,健熊ERIC,http://market.dcview.com/post/508352,True
True,Z 40mm F2,Nikon,,Nikon NIKKOR Z 40mm F2 大光圈定焦鏡 公司貨,6800,sell,,桃園市,2026-01-02,我是雷,http://market.dcview.com/post/508333,True
True,24mm F1.4 DG DN | Art,SIGMA,,【出售】: SIGMA 24mm F1.4 DG DN | Art for Nikon F mount,10000,sell,sold,基隆市,2026-01-02,Abony,http://market.dcview.com/post/508316,True
True,Z24-70F4,Nikon,,nikon z 24-70 f4 s,10500,sell,sold,新北市,2026-01-02,lot286,http://market.dcview.com/post/508315,True
True,Z6,Nikon,,Nikon Z6,18000,buy,,台中市,2026-01-02,Leupold,http://market.dcview.com/post/508308,True
False,"D7000, S17-50 2.8",Nikon,,NIKON D7000、T116、S17-50 2.8、N351.8,14000,sell,,嘉義縣,2026-01-02,DC見習生,http://market.dcview.com/post/508298,True
False,"50mm F4E, 50mm f1.4 ART",Nikon,,500 F4E、小黑7、50 1.4ART,198000,sell,,高雄市,2026-01-02,xar,http://market.dcview.com/post/508294,True
True,Z5 II,Nikon,,Nikon Z5 II Z52 公司貨,40000,buy,,台北市,2026-01-01,ione123333,http://market.dcview.com/post/508288,True
True,Z DX 16-50mm f2.8 VR,Nikon,,Nikon Z DX 16-50mm f2.8 VR 防手震 新品,25000,sell,,桃園市,2026-01-01,shangjon,http://market.dcview.com/post/508285,True
True,Z 35mm F1.2S,Nikon,,Nikon Z 35mm F1.2S,75000,sell,,台北市,2026-01-01,惡使,http://market.dcview.com/post/508280,True
True,Z 135mm F1.8S,Nikon,,Nikon Z plena 135mm F1.8S,70000,sell,,台北市,2026-01-01,惡使,http://market.dcview.com/post/508279,True
True,Z 85mm F1.2S,Nikon,,Nikon Z 85mm F1.2S,60000,sell,,台北市,2026-01-01,惡使,http://market.dcview.com/post/508278,True
True,"D5600, 18-55mm",Nikon,,Nikon D5600 AF-P 18-55mm f/3.5-5.6G VR KIT鏡頭組,10000,sell,,新北市,2026-01-01,sunflower126,http://market.dcview.com/post/508273,True
False,Unknown,Unknown,,【手工改鏡】即可拍鏡頭 For Nikon 1 卡口 適用 J系列 V系列 S系列 相機 餅乾鏡 底片感 街拍 含保固,429,sell,,桃園市,2026-01-01,小吳日常,http://market.dcview.com/post/508248,True
False,"Z50, DZ 16-50mm",Nikon,,Nikon Z50 + DZ 16-50mm KIT 平輸,16200,sell,,新北市,2026-01-01,Jason255,http://market.dcview.com/post/508238,True
True,70-300mm VR,Nikon,,Nikon AF-P DX 70-300mm VR,4000,buy,,新北市,2026-01-01,chen_calvin,http://market.dcview.com/post/508231,True
True,Z24-70F2.8,Nikon,,Nikon z24~70 2.8s 一代,30000,buy,,新北市,2026-01-01,轉角市集,http://market.dcview.com/post/508213,True
True,Z28-400,Nikon,,售z28-400 平輸過保 品項良好,30000,sell,,高雄市,2026-01-01,老賣年糕,http://market.dcview.com/post/508211,True
False,Unknown,Nikon,,【手工改鏡】即可拍鏡頭 For Nikon Z 卡口 相機 餅乾鏡 底片感 街拍 含保固,599,sell,,桃園市,2025-12-31,小吳日常,http://market.dcview.com/post/508193,True
True,Z5,Nikon,,Nikon Z5 單機身 平輸,19800,sell,sold,新北市,2025-12-31,Jason255,http://market.dcview.com/post/508187,True
False,"50mm F1.4, 24-70mm F4, 500mm F4, 16-35mm F4, 50mm 1.4",Nikon,,500 F4 / 小黑7 / 2470 1代 / 1635 F4 / 50 1.4art,223500,sell,sold,高雄市,2025-12-30,xar,http://market.dcview.com/post/508150,True
True,D850,Nikon,,D850,31000,sell,sold,高雄市,2025-12-30,xar,http://market.dcview.com/post/508147,True
False,Unknown,Unknown,,高價收購相機~高價收購鏡頭~就在優酷3C,0,buy,,台北市,2025-12-30,龔小咪,http://market.dcview.com/post/508138,True
True,40mm F1.2,Voigtlander,,Voigtlander NOKTON 40mm F1.2 for the Nikon Z,20000,sell,,台北市,2025-12-30,小兔子快快跑,http://market.dcview.com/post/508137,True
True,"Z50ii, 16-50",Nikon,,Z50ii+16-50kit鏡組,26000,sell,,台中市,2025-12-30,Xuan821,http://market.dcview.com/post/508135,True
True,F,Nikon,,【手工改鏡】即可拍鏡頭 For Nikon F 卡口 相機 餅乾鏡 底片感 街拍 含保固,429,sell,,桃園市,2025-12-30,小吳日常,http://market.dcview.com/post/508110,True
True,Z DX 12-28mm PZ,Nikon,,Nikon Z DX 12-28mm F3.5-5.6 PZ 公司貨 保固內,7800,sell,,新北市,2025-12-30,Jason255,http://market.dcview.com/post/508108,True
True,Z50F1.8,Nikon,,【小吳日常】50mm F4 酒紅鏡頭 For Nikon Z 卡口 微距鏡 高解像力 手動對焦,1199,sell,sold,桃園市,2025-12-30,小吳日常,http://market.dcview.com/post/508107,True
True,Zfc,Nikon,2000,Nikon ZFC + DX 1650mm 銀色 公司貨 快門2xxx,23000,sell,,新北市,2025-12-30,Jason255,http://market.dcview.com/post/508104,True
True,50mm F1.2,TTartisan,,TTartisan 50mm F1.2 for Nikon Z,2000,sell,,新北市,2025-12-30,Jason255,http://market.dcview.com/post/508102,True
False,Z63,Nikon,,"Nikon Z63, 50mm F1.4, CF card, E2Z轉接環",50000,sell,,台南市,2025-12-30,新加入的同學,http://market.dcview.com/post/508089,True
True,Z9,Nikon,,NIKON Z9 公司貨保固內,98000,sell,,苗栗縣,2025-12-30,377,http://market.dcview.com/post/508085,True
True,Z DX 16-50mm,Nikon,,NIKKOR Z DX 16-50mm f/3.5-6.3 VR,3000,sell,,高雄市,2025-12-30,hikari0120,http://market.dcview.com/post/508070,True
True,Z DX 16-50mm,Nikon,,NIKKOR Z DX 16-50mm f/3.5-6.3 VR,3000,sell,,台南市,2025-12-30,hikari0120,http://market.dcview.com/post/508069,True
True,ZFC,Nikon,,售 Nikon ZF 黑色機身 公司貨(已過保),39800,sell,sold,台北市,2025-12-30,88588,http://market.dcview.com/post/508068,True
True,800mm F5.6E,Nikon,,【售】: Nikon 800mm F5.6E FL ED VR AF-S 水貨(外觀95新超高CP值),162000,sell,,新北市,2025-12-30,老鷹精,http://market.dcview.com/post/508039,True
True,F,Nikon,,【小吳日常】黑胡桃木 餅乾鏡頭 For Nikon F 卡口 相機 底片感 即可拍 泛焦 街拍 含保固,990,sell,sold,桃園市,2025-12-29,小吳日常,http://market.dcview.com/post/508029,True
True,Z24-70F4,Nikon,,【小吳日常】黑胡桃木 餅乾鏡頭 For Nikon Z 卡口 相機 底片感 即可拍 泛焦 街拍 含保固,990,sell,sold,桃園市,2025-12-29,小吳日常,http://market.dcview.com/post/508028,True
True,Nikonos IV-A,Nikon,,Nikonos IV-A 防水底片,4500,sell,,台中市,2025-12-29,小狼愛小櫻,http://market.dcview.com/post/508001,True
True,Zfc,Nikon,11000,Nikon ZFC 銀色 單機身 平輸 快門11xxx,19500,sell,,新北市,2025-12-29,Jason255,http://market.dcview.com/post/507969,True
True,80-400mm f4.5-5.6 G ED VR,Nikon,,Nikon AF-S NIKKOR 80-400mm f4.5-5.6 G ED VR 遠攝變焦鏡頭,18800,sell,,台北市,2025-12-29,威廉R,http://market.dcview.com/post/507953,True
True,Z14-30F4,Nikon,,Z14-30 F4,24000,sell,,高雄市,2025-12-29,ococ33,http://market.dcview.com/post/507933,True
True,28-75mm F2.8 VXD G2,TAMRON,,TAMRON 28-75mm F2.8 Dilll VXD G2 騰龍 A063Z 公司貨 For Nikon Z,18000,sell,,屏東縣,2025-12-29,hjw,http://market.dcview.com/post/507932,True
True,F3,Nikon,,Nikon FTZ 二代,5500,sell,sold,台中市,2025-12-28,KRR5100,http://market.dcview.com/post/507871,True
False,"Z50ii, 16-50mm",Nikon,,Nikon Z50ii + 16-50mm kit 公司保內 2原電,26000,sell,sold,台中市,2025-12-28,KRR5100,http://market.dcview.com/post/507870,True
True,Z28-400,Nikon,,售Nikon z28-400,31000,sell,sold,高雄市,2025-12-28,老賣年糕,http://market.dcview.com/post/507859,True
True,D780,Nikon,,平輸D780,25000,sell,,台南市,2025-12-28,阿霖霖,http://market.dcview.com/post/507847,True
True,D810,Nikon,,徵 Nikon D810 北部縣市都可以面交,15000,buy,,桃園市,2025-12-28,Linsean,http://market.dcview.com/post/507841,True
True,14-24mm,Nikon,,NIKON 14-24 AF-S NIKKOR 14-24mm f/2.8G ED,15000,sell,,新北市,2025-12-28,xp0724,http://market.dcview.com/post/507840,True
True,Z6II,Nikon,,Nikon Z6II,29000,sell,,彰化縣,2025-12-28,阿穩哥,http://market.dcview.com/post/507838,True
False,D810,Nikon,,Nikon D810 公司貨 (快門3萬/盒單全) + 鏡頭群出清,22000,sell,,新竹市,2025-12-28,台北魚,http://market.dcview.com/post/507816,True
True,D810,Nikon,1000,D810 水貨快門一千多,25000,sell,,新竹市,2025-12-28,lis250,http://market.dcview.com/post/507815,True
True,Z7,Nikon,120000,Z7 公司快門12萬盒裝,30000,sell,,新竹市,2025-12-28,lis250,http://market.dcview.com/post/507814,True
True,Z6II,Nikon,23000,Z6II 水貨盒裝 快門23XXX,30000,sell,,新竹市,2025-12-28,lis250,http://market.dcview.com/post/507813,True
True,Z24-70F2.8,Nikon,,NIKON 24-70 F2.8 S 公司貨 LED 不顯示,35000,sell,sold,新竹市,2025-12-28,lis250,http://market.dcview.com/post/507812,True
True,Unknown,Nikon,,尼康聯名pgy onego胸包3L白色,1600,sell,,新北市,2025-12-28,poshin1019,http://market.dcview.com/post/507808,True
True,Z6III,Nikon,,Nikon Z63 Z6III 單機身 公司貨 保固中,50500,sell,,新北市,2025-12-28,tbscsh,http://market.dcview.com/post/507800,True
True,Z24-70F4,Nikon,,收 Nikon z 24-70 f4 s,9000,buy,,台中市,2025-12-28,aa44a51,http://market.dcview.com/post/507795,True
False,"50mm F1.8, 12-24 F4","Nikon, Tokina",,Nikon 50mm F1.8、Tokina 12-24 F4,2700,sell,,台北市,2025-12-28,旅行足跡,http://market.dcview.com/post/507788,True
True,Z70-200F2.8VR,Nikon,,NIKKOR Z 70-200mm F2.8 VR S,49000,sell,sold,新北市,2025-12-27,hua273,http://market.dcview.com/post/507778,True
False,"FX-Z, XTZ",Nikon,,徵BORYOZA FX-Z、SHOTEN XTZ 富士尼康轉接環,99999,buy,,台中市,2025-12-27,everfriend,http://market.dcview.com/post/507776,True
False,"Z24-70F4, Z24-200F4-6.3VR, Z24-120F4S",Nikon,,Nikon Z 24-70mm F4S / Z 24-200mm F4-6.3 VR (可換Z 24-120 F4S),17000,sell,sold,高雄市,2025-12-27,Upton777,http://market.dcview.com/post/507771,True
True,325G,ProGrade,,『售』ProGrade 325G CFexpress Type B 1700mb超高速記憶卡,5500,sell,,新北市,2025-12-27,老鷹精,http://market.dcview.com/post/507756,True
True,Z6II,Nikon,,Nikon Z6ii,26000,sell,,台中市,2025-12-27,Jacson25,http://market.dcview.com/post/507753,True
False,"Z30, Viltrox 56mm F1.7 Z-mount",Nikon,,Nikon Z30 + Viltrox 56mm F1.7 Z-mount,16500,sell,sold,台北市,2025-12-27,phuc,http://market.dcview.com/post/507749,True
True,EN-EL15c,Nikon,,EN-EL15c,1350,sell,sold,桃園市,2025-12-27,Joechoz,http://market.dcview.com/post/507719,True
False,"CFexpress 4.0 Type B, 2.0 Type B, SD Reader",ProGrade Digital,,ProGrade Digital CFexpress 4.0 Type B 黃金記憶卡 1TB & ProGrade 2.0 Type B / SD 雙槽讀卡機（不拆賣）,10000,sell,sold,新北市,2025-12-27,黑夜白晝,http://market.dcview.com/post/507718,True
True,Z6III,Nikon,7813,Nikon Z6III Z63 無反光鏡相機 公司貨 快門數7813 保固中,50800,sell,,台北市,2025-12-26,威廉R,http://market.dcview.com/post/507678,True
True,Z6III,Nikon,,Nikon Z6III 機身 公司貨,50000,sell,,桃園市,2025-12-26,lowlence,http://market.dcview.com/post/507662,True
True,Z 50mm F1.4,Nikon,,Nikon Z 50mm F1.4 公司貨 保固內,11500,sell,,新北市,2025-12-26,Jason255,http://market.dcview.com/post/507644,True
False,"14-24mm F2.8G, 18-200mm F3.5-5.6G, 80-400mm F4.5-5.6D, 20mm F2.8D, 85mm F1.4D",Nikon,,"Nikon 14-24mm F2.8G, 18-200mm F3.5-5.6G, 80-400mm F4.5-5.6D, 20mm F2.8D, 85mm F1.4D 出清",3000,sell,,新竹縣,2025-12-26,kdlee11,http://market.dcview.com/post/507632,True
True,"Z50, 16-55mm",Nikon,,Nikon Z50 16-55mm kit,14000,buy,sold,高雄市,2025-12-26,小心地滑,http://market.dcview.com/post/507631,True
True,500mm F8,Nikon,,Nikon Reflex-Nikkor 500mm F8 橘線版 反射鏡 定焦鏡 甜甜圈鏡頭,8000,sell,,台北市,2025-12-26,linhof888,http://market.dcview.com/post/507626,True
True,Z24-50F2.8,Nikon,,NIKKOR Z 24-50mm,3800,sell,,台北市,2025-12-26,loserbear0103,http://market.dcview.com/post/507623,True
True,Z6II,Nikon,2,售保存幾乎全新的 Nikon Z6II 機身(快門數只有2;贈全新專用手把&鋼化保護貼),32900,sell,,桃園市,2025-12-26,阿次仔,http://market.dcview.com/post/507620,True
True,Z20mmF1.8S,Nikon,,7.NIKKOR Z 20mm f1.8 S (公司貨),22000,sell,,新北市,2025-12-26,keyden,http://market.dcview.com/post/507611,True
False,"Z5, Z24-70F4",Nikon,,Nikon Z5 + 24-70 F4,25000,sell,sold,桃園市,2025-12-26,Joechoz,http://market.dcview.com/post/507609,True
True,AF-S 24-70mm f/2.8E ED VR,Nikon,,Nikon AF-S 24-70mm f/2.8E ED VR 尼康變焦鏡頭,16000,sell,sold,彰化縣,2025-12-25,kincheer,http://market.dcview.com/post/507589,True
True,Z50,Nikon,,Nikon Z50 16- 50mm kit,14000,sell,sold,高雄市,2025-12-25,小心地滑,http://market.dcview.com/post/507585,True
True,70-300 f4.5-5.6 G ED VR,Nikon,,NIKON AF-S 70-300 f4.5-5.6 G ED VR 攝影王保固半年,5000,sell,sold,新竹縣,2025-12-25,阿維AWEI,http://market.dcview.com/post/507583,True
True,Z24-70F4,Nikon,,Nikon Z 24-70mm F4 S 平輸,11500,sell,sold,新北市,2025-12-25,Jason255,http://market.dcview.com/post/507577,True
True,Milvus 85mm f1.4,Zeiss,,蔡司 Zeiss Milvus 85mm f1.4 zf.2 手動鏡 (可轉接 SONY A7系列與佳能),31500,sell,,台中市,2025-12-25,dora17,http://market.dcview.com/post/507554,True
True,Z26mmF2.8,Nikon,,Nikon Z 26mm f2.8 公司保固內,12000,sell,sold,新北市,2025-12-25,黑夜白晝,http://market.dcview.com/post/507551,True
False,"CFexpress 4.0 Type B, 2.0 Type B, SD Reader",ProGrade Digital,,ProGrade Digital CFexpress 4.0 Type B 黃金記憶卡 1TB & ProGrade 2.0 Type B / SD 雙槽讀卡機（不拆賣）,10500,sell,sold,新北市,2025-12-25,黑夜白晝,http://market.dcview.com/post/507549,True
True,70-300 f4.5-5.6 G ED VR,Nikon,,NIKON AF-S 70-300 f4.5-5.6 G ED VR 攝影王保固半年,5500,sell,sold,新竹縣,2025-12-25,阿維AWEI,http://market.dcview.com/post/507536,True
True,Z26mmF2.8,Nikon,,NIKON NIKKOR Z 26mm F2.8,10000,buy,sold,台南市,2025-12-24,ivanwwa,http://market.dcview.com/post/507513,True
False,"Z6III, F50F1.8",Nikon,,Nikon z6iii & 50/1.4,53000,sell,,台南市,2025-12-24,ClockLee,http://market.dcview.com/post/507510,True
True,Unknown,Nikon,,NIKON 鏡頭,28000,sell,,台中市,2025-12-24,O之助,http://market.dcview.com/post/507470,True
True,Z400mm F4.5S,Nikon,,NIKON Z 400mm F4.5 S 台南可面交 Z445 400定 Z400mm F4.5S,63000,sell,sold,台南市,2025-12-24,achiu69,http://market.dcview.com/post/507454,True
True,70-200 VR II,Nikon,,NIKON 70-200 VR II 小黑六,27000,sell,sold,新竹市,2025-12-24,lis250,http://market.dcview.com/post/507448,True
True,Z DX MC 35mm,Nikon,,Nikon Z DX MC 35mm f1.7 大光圈微距 少用如新,12500,sell,,桃園市,2025-12-24,shangjon,http://market.dcview.com/post/507444,True
False,"D610,Sigma 35mm f/1.4 DG DN Art",Nikon,,Nikon D610+Sigma 35mm f/1.4 DG DN Art,14000,sell,sold,台中市,2025-12-24,二貳yao,http://market.dcview.com/post/507432,True
False,Unknown,Unknown,,沃坦側背包 兩款 9L/9.5L 出師表款傘兵手腕帶PD扣 皆全新未使用,1200,sell,sold,新北市,2025-12-23,陳a翔,http://market.dcview.com/post/507412,True
True,SB-600,Nikon,,Nikon SB-600 Speedlight 尼康閃光燈 SB600,2200,sell,,彰化縣,2025-12-23,kincheer,http://market.dcview.com/post/507400,True
True,D7200,Nikon,,徵NIKON D7200或D610,5000,buy,,台南市,2025-12-23,ken2602838,http://market.dcview.com/post/507393,True
False,"Zfc, Z DX16-50mm",Nikon,,Nikon ZFC + Z DX16-50mm Kit 銀色 平輸,22000,sell,sold,新北市,2025-12-23,Jason255,http://market.dcview.com/post/507359,True
True,"D5600, 18-140mm",Nikon,,Nikon D5600 AF-P 18-140mm f/3.5-5.6G VR KIT鏡頭組,13500,sell,,彰化縣,2025-12-23,chiiieh1123,http://market.dcview.com/post/507358,True
True,Z6II,Nikon,2,售保存幾乎全新的 Nikon Z6II 機身(快門數只有2),33000,sell,,桃園市,2025-12-23,阿次仔,http://market.dcview.com/post/507336,True
True,AF-S 35mm f1.4 G,Nikon,,Nikon AF-S 35mm f1.4 G鏡 (公司貨) 含保護鏡,15500,sell,sold,桃園市,2025-12-23,shangjon,http://market.dcview.com/post/507317,True
True,Z 24-120mm F4 S,Nikon,,Nikon Z 24-120mm F4 S,23000,buy,,高雄市,2025-12-22,Upton777,http://market.dcview.com/post/507261,True
True,Z40mm SE,Nikon,,【售】Nikon z 40mm SE 近全新公司貨保固內,7000,sell,,新竹縣,2025-12-22,荒川客,http://market.dcview.com/post/507255,True
True,TZM-02,Techart,,【售】 天工Techart TZM-02自動轉接環,8000,sell,,新竹縣,2025-12-22,荒川客,http://market.dcview.com/post/507253,True
True,24-70F2.8,Nikon,,NIKON 24-70 F2.8 S 公司貨 LED 不顯示,35000,sell,sold,新竹市,2025-12-22,lis250,http://market.dcview.com/post/507248,True
True,24-105F4 ART,SIGMA,,SIGMA 24-105 F4 ART 公司貨,10000,sell,,新竹縣,2025-12-22,lis250,http://market.dcview.com/post/507245,True
True,Z24-200,Unknown,,Z24-200 鏡片刮痕,14000,sell,,新竹市,2025-12-22,lis250,http://market.dcview.com/post/507244,True
True,500PF,Nikon,,『徵』 Nikon 500mm F/5.6E PF ED VR 556PF,58888,buy,,台北市,2025-12-22,超鳥哥,http://market.dcview.com/post/507243,True
True,V2 Everyday Backpack,PEAK DESIGN,,全新 PEAK DESIGN V2 魔術使者隨行攝影包 6L (象牙灰),3500,sell,sold,台北市,2025-12-22,tsuhao,http://market.dcview.com/post/507238,True
True,Z6II,Nikon,23000,Z6II 水貨盒裝 快門23XXX,30000,sell,,新竹市,2025-12-22,lis250,http://market.dcview.com/post/507229,True
True,D810,Nikon,1700,NIKON D810 快門17XX,25000,sell,,新竹市,2025-12-22,lis250,http://market.dcview.com/post/507228,True
False,Z6III,Nikon,,Z6III+鏡頭,70000,buy,,新北市,2025-12-22,半吊子,http://market.dcview.com/post/507214,True
True,Z6II,Nikon,,7.NIKON Z6II Z62 (公司貨),30000,sell,,新北市,2025-12-22,keyden,http://market.dcview.com/post/507211,True
True,70-210mm F4-5.6D,Nikon,,6.NIKON AF NIKKOR 70-210mm F4-5.6D 全幅,2000,sell,,新北市,2025-12-22,keyden,http://market.dcview.com/post/507192,True
True,Z TC 2.0x,Nikon,,Nikon Z TC 2.0x 增距鏡 (可換1.4x),14000,sell,,新北市,2025-12-22,takeshii,http://market.dcview.com/post/507186,True
False,Unknown,Unknown,,高價收購相機~高價收購鏡頭~就在優酷3C,0,buy,,台北市,2025-12-21,龔小咪,http://market.dcview.com/post/507164,True
True,VILTROX 35mm F1.2,唯卓仕,,售 唯卓仕 VILTROX 35mm F1.2 LAB,18500,sell,sold,屏東縣,2025-12-21,凍先生,http://market.dcview.com/post/507159,True
True,F,Nikon,,"SIGMA DC 17-50mm 1:2.8 EX HSM, Nikon F接環 可議價",5500,sell,,台北市,2025-12-21,Winston18,http://market.dcview.com/post/507115,True
False,Unknown,Unknown,,【手工改鏡】即可拍鏡頭 For Nikon 1 卡口 適用 J系列 V系列 S系列 相機 餅乾鏡 底片感 街拍 含保固,429,sell,sold,桃園市,2025-12-21,小吳日常,http://market.dcview.com/post/507110,True
True,Z 14-30mm F4 S,Nikon,,Nikon NIKKOR Z 14-30mm F4 S 超廣角變焦鏡頭 公司貨,22500,sell,,台北市,2025-12-21,威廉R,http://market.dcview.com/post/507105,True
True,"Z50, DX 16-50mm F3.5-6.3 VR",Nikon,1515,Nikon Z50 無反相機+DX 16-50mm F3.5-6.3 VR 快門數1515,14000,sell,,台北市,2025-12-21,威廉R,http://market.dcview.com/post/507104,True
True,Z 24-120mm f4 S,Nikon,,NIKON Z 24-120mm f4 S,25000,sell,sold,台北市,2025-12-21,spat,http://market.dcview.com/post/507097,True
True,Z 180-600mm,Nikon,,Nikon Z 180-600mm 過保公司貨,39800,sell,sold,台中市,2025-12-21,jiangjianhong,http://market.dcview.com/post/507096,True
True,Z 600mm F6.3 VR S,Nikon,,Nikon Z 600mm F6.3 VR S,100000,buy,sold,高雄市,2025-12-21,menqyow,http://market.dcview.com/post/507080,True
True,EN-EL15C,Nikon,,Nikon 尼康 EN-EL15C 原廠電池 (全新),3600,sell,,桃園市,2025-12-21,Annie916,http://market.dcview.com/post/507073,True
True,D500,Nikon,,D500,22000,sell,sold,新竹縣,2025-12-21,二寶爸,http://market.dcview.com/post/507067,True
True,Z70-200F2.8S,Nikon,,Nikon Z 70-200 mm f 2.8 VR S,48000,sell,,台中市,2025-12-20,Jacson25,http://market.dcview.com/post/507042,True
True,D4,Nikon,,nikon D4,14000,sell,sold,台中市,2025-12-20,JACK小強,http://market.dcview.com/post/507033,True
True,Z50,Nikon,,Nikon Z50 16-50mm kit,15000,sell,sold,台北市,2025-12-20,HKChen524,http://market.dcview.com/post/507030,True
True,SB-700,Nikon,,二手 Nikon SB-700 閃燈 水貨,2500,sell,,台中市,2025-12-20,紅中中,http://market.dcview.com/post/507029,True
True,Z70-200F2.8,Nikon,,NIKKOR Z 70-200mm F2.8 VR S,51000,sell,sold,新北市,2025-12-20,hua273,http://market.dcview.com/post/507026,True
True,50mm f1.8 G ED,Nikon,,Nikon 50mm f1.8 G ED,3000,sell,sold,台中市,2025-12-20,JACK小強,http://market.dcview.com/post/507022,True
True,28mm f1.8 G ED,Nikon,,Nikon FX 28mm f1.8 G ED,5000,sell,,台中市,2025-12-20,JACK小強,http://market.dcview.com/post/507018,True
True,35mm f1.8 G ED,Nikon,,Nikon FX 35mm f1.8 G ED,6500,sell,,台中市,2025-12-20,JACK小強,http://market.dcview.com/post/507016,True
True,20mm F1.8 DG,Sigma,,Sigma 20mm F1.8 DG for canon,5000,sell,,台中市,2025-12-20,JACK小強,http://market.dcview.com/post/507010,True
True,70mm F2.8 DG MACRD,Sigma,,Sigma 70mm F2.8 DG MACRD for Nikon,4000,sell,,台中市,2025-12-20,JACK小強,http://market.dcview.com/post/506999,True
True,AF-S 24-70/2.8G ED,Nikon,,NIKON AF-S 24-70/2.8G ED,9000,sell,sold,台中市,2025-12-20,JACK小強,http://market.dcview.com/post/506996,True
False,Unknown,Nikon,,售 NIKON 機身及鏡頭,4500,sell,sold,新竹縣,2025-12-20,二寶爸,http://market.dcview.com/post/506995,True
True,Zf,Nikon,,Nikon Zf（銀色單機身）公司保固內,47000,sell,sold,新北市,2025-12-20,黑夜白晝,http://market.dcview.com/post/506984,True
True,B2 pro,Nextorage,,『售』超高速Nextorage 165GB B2 pro CFexpress Type B 4.0新版記憶卡(全新品),4800,sell,,新北市,2025-12-20,老鷹精,http://market.dcview.com/post/506975,True
True,28-300mm,Nikon,,Nikon AF-S NIKKOR 28-300mm F3.5-5.6 G ED VR,6500,sell,sold,台中市,2025-12-20,brian410297,http://market.dcview.com/post/506959,True
False,"D5500, 18-140",Nikon,,Nikon D5500 + 18-140 kit,4500,sell,sold,台中市,2025-12-20,KlayGunter,http://market.dcview.com/post/506958,True
True,Z24mmF1.7,Nikon,,Nikkor Z Dx 24mm f1.7,5000,buy,,台南市,2025-12-20,hikari0120,http://market.dcview.com/post/506954,True
True,F3,Nikon,,徵DF(顏色不拘),16000,buy,,台南市,2025-12-20,阿霖霖,http://market.dcview.com/post/506951,True
True,Unknown,Nikon,,台北美女瀨5206826或TG：sk38266,10000,sell,,台北市,2025-12-19,台灣美女,http://market.dcview.com/post/506935,True
True,Z 180-600mm,Nikon,,Nikon Z 180-600mm 過保公司貨,41000,sell,sold,台中市,2025-12-19,jiangjianhong,http://market.dcview.com/post/506933,True
True,500mm F8,Nikon,,Nikon Reflex-Nikkor 500mm F8 橘線版 反射鏡 定焦鏡 甜甜圈鏡頭,8000,sell,,台北市,2025-12-19,linhof888,http://market.dcview.com/post/506926,True
True,SB-800,Nikon,,Nikon SB-800 Speedlight 尼康閃光燈 SB800,2600,sell,,彰化縣,2025-12-19,kincheer,http://market.dcview.com/post/506919,True
